,target,hour,day_of_week
2025-02-22 00:00:00,22194.583333333332,0,5
2025-02-22 01:00:00,20487.25,1,5
2025-02-22 02:00:00,20038.716666666667,2,5
2025-02-22 03:00:00,21519.316666666666,3,5
2025-02-22 04:00:00,18344.95,4,5
2025-02-22 05:00:00,22949.1,5,5
2025-02-22 06:00:00,20233.433333333334,6,5
2025-02-22 07:00:00,23356.4,7,5
2025-02-22 08:00:00,30973.05,8,5
2025-02-22 09:00:00,28610.233333333334,9,5
2025-02-22 10:00:00,27377.033333333333,10,5
2025-02-22 11:00:00,26577.633333333335,11,5
2025-02-22 12:00:00,27177.95,12,5
2025-02-22 13:00:00,26923.366666666665,13,5
2025-02-22 14:00:00,26156.7,14,5
2025-02-22 15:00:00,26068.1,15,5
2025-02-22 16:00:00,27017.033333333333,16,5
2025-02-22 17:00:00,29552.083333333332,17,5
2025-02-22 18:00:00,32773.416666666664,18,5
2025-02-22 19:00:00,33691.45,19,5
2025-02-22 20:00:00,32587.35,20,5
2025-02-22 21:00:00,30840.483333333334,21,5
2025-02-22 22:00:00,28749.066666666666,22,5
2025-02-22 23:00:00,25022.283333333333,23,5
2025-02-23 00:00:00,22118.75,0,6
2025-02-23 01:00:00,12279.266666666666,1,6
2025-02-23 02:00:00,13316.5,2,6
2025-02-23 03:00:00,15595.666666666666,3,6
2025-02-23 04:00:00,14214.15,4,6
2025-02-23 05:00:00,15022.183333333332,5,6
2025-02-23 06:00:00,16905.533333333333,6,6
2025-02-23 07:00:00,19892.983333333334,7,6
2025-02-23 08:00:00,28439.816666666666,8,6
2025-02-23 09:00:00,26861.516666666666,9,6
2025-02-23 10:00:00,26447.666666666668,10,6
2025-02-23 11:00:00,30300.716666666667,11,6
2025-02-23 12:00:00,27696.266666666666,12,6
2025-02-23 13:00:00,26935.25,13,6
2025-02-23 14:00:00,26762.766666666666,14,6
2025-02-23 15:00:00,26700.95,15,6
2025-02-23 16:00:00,27697.4,16,6
2025-02-23 17:00:00,29891.5,17,6
2025-02-23 18:00:00,33082.35,18,6
2025-02-23 19:00:00,33601.4,19,6
2025-02-23 20:00:00,31831.95,20,6
2025-02-23 21:00:00,31668.616666666665,21,6
2025-02-23 22:00:00,22858.316666666666,22,6
2025-02-23 23:00:00,19533.233333333334,23,6
2025-02-24 00:00:00,17337.316666666666,0,0
2025-02-24 01:00:00,15272.533333333333,1,0
2025-02-24 02:00:00,14767.35,2,0
2025-02-24 03:00:00,15683.083333333334,3,0
2025-02-24 04:00:00,12334.966666666667,4,0
2025-02-24 05:00:00,11186.266666666666,5,0
2025-02-24 06:00:00,11118.916666666666,6,0
2025-02-24 07:00:00,13016.633333333333,7,0
2025-02-24 08:00:00,13083.25,8,0
2025-02-24 09:00:00,15067.05,9,0
2025-02-24 10:00:00,22267.45,10,0
2025-02-24 11:00:00,25329.283333333333,11,0
2025-02-24 12:00:00,26112.883333333335,12,0
2025-02-24 13:00:00,25111.283333333333,13,0
2025-02-24 14:00:00,24059.633333333335,14,0
2025-02-24 15:00:00,24743.183333333334,15,0
2025-02-24 16:00:00,26747.65,16,0
2025-02-24 17:00:00,26265.866666666665,17,0
2025-02-24 18:00:00,24887.45,18,0
2025-02-24 19:00:00,21463.1,19,0
2025-02-24 20:00:00,21978.766666666666,20,0
2025-02-24 21:00:00,21747.95,21,0
2025-02-24 22:00:00,20654.833333333332,22,0
2025-02-24 23:00:00,17883.35,23,0
2025-02-25 00:00:00,15039.45,0,1
2025-02-25 01:00:00,13171.483333333334,1,1
2025-02-25 02:00:00,12778.933333333332,2,1
2025-02-25 03:00:00,13623.383333333333,3,1
2025-02-25 04:00:00,11961.25,4,1
2025-02-25 05:00:00,13473.65,5,1
2025-02-25 06:00:00,15253.433333333332,6,1
2025-02-25 07:00:00,17742.9,7,1
2025-02-25 08:00:00,21503.066666666666,8,1
2025-02-25 09:00:00,24592.1,9,1
2025-02-25 10:00:00,26941.833333333332,10,1
2025-02-25 11:00:00,28651.2,11,1
2025-02-25 12:00:00,27727.816666666666,12,1
2025-02-25 13:00:00,26935.383333333335,13,1
2025-02-25 14:00:00,23411.566666666666,14,1
2025-02-25 15:00:00,17231.783333333333,15,1
2025-02-25 16:00:00,13518.466666666667,16,1
2025-02-25 17:00:00,10824.383333333333,17,1
2025-02-25 18:00:00,10300.15,18,1
2025-02-25 19:00:00,10228.816666666668,19,1
2025-02-25 20:00:00,9239.2,20,1
2025-02-25 21:00:00,9551.45,21,1
2025-02-25 22:00:00,9390.516666666666,22,1
2025-02-25 23:00:00,7954.4,23,1
2025-02-26 00:00:00,5568.7,0,2
2025-02-26 01:00:00,4569.116666666667,1,2
2025-02-26 02:00:00,4713.766666666666,2,2
2025-02-26 03:00:00,6552.333333333333,3,2
2025-02-26 04:00:00,6572.666666666667,4,2
2025-02-26 05:00:00,7078.133333333333,5,2
2025-02-26 06:00:00,7066.616666666667,6,2
2025-02-26 07:00:00,8474.05,7,2
2025-02-26 08:00:00,12325.8,8,2
2025-02-26 09:00:00,12507.233333333334,9,2
2025-02-26 10:00:00,12693.333333333334,10,2
2025-02-26 11:00:00,12876.533333333333,11,2
2025-02-26 12:00:00,13036.866666666667,12,2
2025-02-26 13:00:00,12711.333333333334,13,2
2025-02-26 14:00:00,12266.466666666667,14,2
2025-02-26 15:00:00,12554.916666666666,15,2
2025-02-26 16:00:00,12743.783333333333,16,2
2025-02-26 17:00:00,13855.9,17,2
2025-02-26 18:00:00,15096.416666666666,18,2
2025-02-26 19:00:00,14753.8,19,2
2025-02-26 20:00:00,11839.5,20,2
2025-02-26 21:00:00,8298.633333333333,21,2
2025-02-26 22:00:00,6695.2,22,2
2025-02-26 23:00:00,5155.35,23,2
2025-02-27 00:00:00,4530.85,0,3
2025-02-27 01:00:00,4263.55,1,3
2025-02-27 02:00:00,4045.133333333333,2,3
2025-02-27 03:00:00,4470.15,3,3
2025-02-27 04:00:00,3768.5833333333335,4,3
2025-02-27 05:00:00,3836.8,5,3
2025-02-27 06:00:00,4049.0666666666666,6,3
2025-02-27 07:00:00,5463.75,7,3
2025-02-27 08:00:00,9120.95,8,3
2025-02-27 09:00:00,11510.616666666667,9,3
2025-02-27 10:00:00,12606.15,10,3
2025-02-27 11:00:00,13455.233333333334,11,3
2025-02-27 12:00:00,13877.766666666666,12,3
2025-02-27 13:00:00,13421.1,13,3
2025-02-27 14:00:00,13135.566666666668,14,3
2025-02-27 15:00:00,13388.6,15,3
2025-02-27 16:00:00,13483.516666666666,16,3
2025-02-27 17:00:00,14710.816666666668,17,3
2025-02-27 18:00:00,16294.55,18,3
2025-02-27 19:00:00,15694.316666666668,19,3
2025-02-27 20:00:00,14280.0,20,3
2025-02-27 21:00:00,11564.816666666668,21,3
2025-02-27 22:00:00,7669.666666666667,22,3
2025-02-27 23:00:00,5701.15,23,3
2025-02-28 00:00:00,4517.383333333333,0,4
2025-02-28 01:00:00,4169.266666666666,1,4
2025-02-28 02:00:00,4095.0,2,4
2025-02-28 03:00:00,4484.783333333334,3,4
2025-02-28 04:00:00,3943.233333333333,4,4
2025-02-28 05:00:00,4002.8,5,4
2025-02-28 06:00:00,4060.0,6,4
2025-02-28 07:00:00,5373.45,7,4
2025-02-28 08:00:00,7643.033333333334,8,4
2025-02-28 09:00:00,8672.033333333333,9,4
2025-02-28 10:00:00,11629.75,10,4
2025-02-28 11:00:00,12786.366666666667,11,4
2025-02-28 12:00:00,13594.733333333334,12,4
2025-02-28 13:00:00,13410.666666666666,13,4
2025-02-28 14:00:00,13028.35,14,4
2025-02-28 15:00:00,13384.4,15,4
2025-02-28 16:00:00,13801.316666666668,16,4
2025-02-28 17:00:00,14639.016666666666,17,4
2025-02-28 18:00:00,15898.933333333332,18,4
2025-02-28 19:00:00,15744.966666666667,19,4
2025-02-28 20:00:00,14064.366666666667,20,4
2025-02-28 21:00:00,12486.55,21,4
2025-02-28 22:00:00,8507.716666666667,22,4
2025-02-28 23:00:00,6189.016666666666,23,4
2025-03-01 00:00:00,4994.233333333334,0,5
2025-03-01 01:00:00,4441.783333333334,1,5
2025-03-01 02:00:00,4339.266666666666,2,5
2025-03-01 03:00:00,4761.05,3,5
2025-03-01 04:00:00,4097.233333333334,4,5
2025-03-01 05:00:00,4153.616666666667,5,5
2025-03-01 06:00:00,4222.45,6,5
2025-03-01 07:00:00,5415.733333333334,7,5
2025-03-01 08:00:00,8076.65,8,5
2025-03-01 09:00:00,8645.866666666667,9,5
2025-03-01 10:00:00,11338.316666666668,10,5
2025-03-01 11:00:00,12824.3,11,5
2025-03-01 12:00:00,13694.5,12,5
2025-03-01 13:00:00,13749.616666666667,13,5
2025-03-01 14:00:00,13229.383333333333,14,5
2025-03-01 15:00:00,13202.983333333334,15,5
2025-03-01 16:00:00,13441.8,16,5
2025-03-01 17:00:00,14651.933333333332,17,5
2025-03-01 18:00:00,16554.133333333335,18,5
2025-03-01 19:00:00,16630.616666666665,19,5
2025-03-01 20:00:00,15060.716666666667,20,5
2025-03-01 21:00:00,13035.333333333334,21,5
2025-03-01 22:00:00,11113.233333333334,22,5
2025-03-01 23:00:00,7798.533333333334,23,5
2025-03-02 00:00:00,4949.2,0,6
2025-03-02 01:00:00,4743.833333333333,1,6
2025-03-02 02:00:00,4538.283333333334,2,6
2025-03-02 03:00:00,5052.916666666667,3,6
2025-03-02 04:00:00,4382.066666666667,4,6
2025-03-02 05:00:00,4319.55,5,6
2025-03-02 06:00:00,4350.75,6,6
2025-03-02 07:00:00,5626.483333333334,7,6
2025-03-02 08:00:00,7655.633333333333,8,6
2025-03-02 09:00:00,7981.95,9,6
2025-03-02 10:00:00,8862.966666666667,10,6
2025-03-02 11:00:00,10485.85,11,6
2025-03-02 12:00:00,12584.7,12,6
2025-03-02 13:00:00,12952.283333333333,13,6
2025-03-02 14:00:00,12721.316666666668,14,6
2025-03-02 15:00:00,13103.166666666666,15,6
2025-03-02 16:00:00,13524.766666666666,16,6
2025-03-02 17:00:00,14564.483333333334,17,6
2025-03-02 18:00:00,16264.55,18,6
2025-03-02 19:00:00,16744.083333333332,19,6
2025-03-02 20:00:00,16294.216666666667,20,6
2025-03-02 21:00:00,15469.033333333333,21,6
2025-03-02 22:00:00,14258.466666666667,22,6
2025-03-02 23:00:00,11757.2,23,6
2025-03-03 00:00:00,9155.483333333334,0,0
2025-03-03 01:00:00,7670.4,1,0
2025-03-03 02:00:00,7264.45,2,0
2025-03-03 03:00:00,7825.0,3,0
2025-03-03 04:00:00,6692.016666666666,4,0
2025-03-03 05:00:00,6717.133333333333,5,0
2025-03-03 06:00:00,6812.15,6,0
2025-03-03 07:00:00,7513.483333333334,7,0
2025-03-03 08:00:00,8353.5,8,0
2025-03-03 09:00:00,9098.966666666667,9,0
2025-03-03 10:00:00,8959.35,10,0
2025-03-03 11:00:00,9525.15,11,0
2025-03-03 12:00:00,10938.65,12,0
2025-03-03 13:00:00,11111.483333333334,13,0
2025-03-03 14:00:00,11120.7,14,0
2025-03-03 15:00:00,11169.416666666666,15,0
2025-03-03 16:00:00,11325.633333333333,16,0
2025-03-03 17:00:00,12090.55,17,0
2025-03-03 18:00:00,12998.883333333333,18,0
2025-03-03 19:00:00,12651.25,19,0
2025-03-03 20:00:00,12601.3,20,0
2025-03-03 21:00:00,13161.066666666668,21,0
2025-03-03 22:00:00,13816.85,22,0
2025-03-03 23:00:00,12291.933333333332,23,0
2025-03-04 00:00:00,10614.8,0,1
2025-03-04 01:00:00,9410.983333333334,1,1
2025-03-04 02:00:00,9112.75,2,1
2025-03-04 03:00:00,9712.916666666666,3,1
2025-03-04 04:00:00,8214.15,4,1
2025-03-04 05:00:00,8489.75,5,1
2025-03-04 06:00:00,8575.366666666667,6,1
2025-03-04 07:00:00,9057.233333333334,7,1
2025-03-04 08:00:00,10342.266666666666,8,1
2025-03-04 09:00:00,11169.033333333333,9,1
2025-03-04 10:00:00,11468.8,10,1
2025-03-04 11:00:00,11403.383333333333,11,1
2025-03-04 12:00:00,11438.866666666667,12,1
2025-03-04 13:00:00,11459.85,13,1
2025-03-04 14:00:00,11231.316666666668,14,1
2025-03-04 15:00:00,11487.3,15,1
2025-03-04 16:00:00,11785.966666666667,16,1
2025-03-04 17:00:00,12406.95,17,1
2025-03-04 18:00:00,13005.033333333333,18,1
2025-03-04 19:00:00,12905.15,19,1
2025-03-04 20:00:00,12350.333333333334,20,1
2025-03-04 21:00:00,11850.0,21,1
2025-03-04 22:00:00,10784.633333333333,22,1
2025-03-04 23:00:00,9407.316666666668,23,1
2025-03-05 00:00:00,8297.116666666667,0,2
2025-03-05 01:00:00,7717.75,1,2
2025-03-05 02:00:00,7346.933333333333,2,2
2025-03-05 03:00:00,7925.05,3,2
2025-03-05 04:00:00,6656.716666666666,4,2
2025-03-05 05:00:00,6362.15,5,2
2025-03-05 06:00:00,7040.933333333333,6,2
2025-03-05 07:00:00,9654.95,7,2
2025-03-05 08:00:00,13081.033333333333,8,2
2025-03-05 09:00:00,12710.166666666666,9,2
2025-03-05 10:00:00,13030.916666666666,10,2
2025-03-05 11:00:00,12958.4,11,2
2025-03-05 12:00:00,13096.483333333334,12,2
2025-03-05 13:00:00,12725.75,13,2
2025-03-05 14:00:00,12223.316666666668,14,2
2025-03-05 15:00:00,12250.8,15,2
2025-03-05 16:00:00,12596.65,16,2
2025-03-05 17:00:00,13847.616666666667,17,2
2025-03-05 18:00:00,15673.416666666666,18,2
2025-03-05 19:00:00,16544.75,19,2
2025-03-05 20:00:00,15232.75,20,2
2025-03-05 21:00:00,11859.933333333332,21,2
2025-03-05 22:00:00,7438.6,22,2
2025-03-05 23:00:00,5544.733333333334,23,2
2025-03-06 00:00:00,23796.25,0,3
2025-03-06 01:00:00,21982.2,1,3
2025-03-06 02:00:00,21747.383333333335,2,3
2025-03-06 03:00:00,23712.966666666667,3,3
2025-03-06 04:00:00,20616.266666666666,4,3
2025-03-06 05:00:00,20654.866666666665,5,3
2025-03-06 06:00:00,20957.65,6,3
2025-03-06 07:00:00,24735.616666666665,7,3
2025-03-06 08:00:00,32289.5,8,3
2025-03-06 09:00:00,30018.166666666668,9,3
2025-03-06 10:00:00,29088.85,10,3
2025-03-06 11:00:00,28629.366666666665,11,3
2025-03-06 12:00:00,29157.283333333333,12,3
2025-03-06 13:00:00,28217.783333333333,13,3
2025-03-06 14:00:00,27669.516666666666,14,3
2025-03-06 15:00:00,28000.55,15,3
2025-03-06 16:00:00,28643.366666666665,16,3
2025-03-06 17:00:00,31235.016666666666,17,3
2025-03-06 18:00:00,34781.96666666667,18,3
2025-03-06 19:00:00,36662.066666666666,19,3
2025-03-06 20:00:00,34537.7,20,3
2025-03-06 21:00:00,33014.13333333333,21,3
2025-03-06 22:00:00,30727.316666666666,22,3
2025-03-06 23:00:00,27151.783333333333,23,3
2025-03-07 00:00:00,23951.833333333332,0,4
2025-03-07 01:00:00,6827.316666666667,1,4
2025-03-07 02:00:00,8867.283333333333,2,4
2025-03-07 03:00:00,11101.733333333334,3,4
2025-03-07 04:00:00,12213.9,4,4
2025-03-07 05:00:00,14039.033333333333,5,4
2025-03-07 06:00:00,16142.333333333334,6,4
2025-03-07 07:00:00,20370.55,7,4
2025-03-07 08:00:00,29255.416666666668,8,4
2025-03-07 09:00:00,29407.883333333335,9,4
2025-03-07 10:00:00,29625.766666666666,10,4
2025-03-07 11:00:00,29312.5,11,4
2025-03-07 12:00:00,29090.233333333334,12,4
2025-03-07 13:00:00,28855.066666666666,13,4
2025-03-07 14:00:00,28329.733333333334,14,4
2025-03-07 15:00:00,28677.066666666666,15,4
2025-03-07 16:00:00,29817.116666666665,16,4
2025-03-07 17:00:00,31721.016666666666,17,4
2025-03-07 18:00:00,34573.65,18,4
2025-03-07 19:00:00,36085.45,19,4
2025-03-07 20:00:00,34246.2,20,4
2025-03-07 21:00:00,33070.23333333333,21,4
2025-03-07 22:00:00,31887.066666666666,22,4
2025-03-07 23:00:00,28344.333333333332,23,4
2025-03-08 00:00:00,24686.25,0,5
2025-03-08 01:00:00,22319.966666666667,1,5
2025-03-08 02:00:00,22027.016666666666,2,5
2025-03-08 03:00:00,24035.366666666665,3,5
2025-03-08 04:00:00,20666.816666666666,4,5
2025-03-08 05:00:00,20942.083333333332,5,5
2025-03-08 06:00:00,20685.316666666666,6,5
2025-03-08 07:00:00,22239.316666666666,7,5
2025-03-08 08:00:00,26513.366666666665,8,5
2025-03-08 09:00:00,30563.85,9,5
2025-03-08 10:00:00,33549.85,10,5
2025-03-08 11:00:00,34045.11666666667,11,5
2025-03-08 12:00:00,33782.333333333336,12,5
2025-03-08 13:00:00,32236.7,13,5
2025-03-08 14:00:00,31539.6,14,5
2025-03-08 15:00:00,31739.416666666668,15,5
2025-03-08 16:00:00,32635.4,16,5
2025-03-08 17:00:00,34145.316666666666,17,5
2025-03-08 18:00:00,36342.083333333336,18,5
2025-03-08 19:00:00,36695.05,19,5
2025-03-08 20:00:00,34128.066666666666,20,5
2025-03-08 21:00:00,32995.86666666667,21,5
2025-03-08 22:00:00,31618.4,22,5
2025-03-08 23:00:00,28462.733333333334,23,5
2025-03-09 00:00:00,25363.15,0,6
2025-03-09 01:00:00,22920.75,1,6
2025-03-09 02:00:00,22577.783333333333,2,6
2025-03-09 03:00:00,24367.433333333334,3,6
2025-03-09 04:00:00,20709.65,4,6
2025-03-09 05:00:00,20953.766666666666,5,6
2025-03-09 06:00:00,20937.8,6,6
2025-03-09 07:00:00,22077.683333333334,7,6
2025-03-09 08:00:00,26004.116666666665,8,6
2025-03-09 09:00:00,30165.866666666665,9,6
2025-03-09 10:00:00,33557.28333333333,10,6
2025-03-09 11:00:00,34216.61666666667,11,6
2025-03-09 12:00:00,33625.9,12,6
2025-03-09 13:00:00,31940.066666666666,13,6
2025-03-09 14:00:00,31541.233333333334,14,6
2025-03-09 15:00:00,32069.733333333334,15,6
2025-03-09 16:00:00,32510.65,16,6
2025-03-09 17:00:00,34000.98333333333,17,6
2025-03-09 18:00:00,36349.55,18,6
2025-03-09 19:00:00,36387.65,19,6
2025-03-09 20:00:00,34350.76666666667,20,6
2025-03-09 21:00:00,33592.25,21,6
2025-03-09 22:00:00,31208.6,22,6
2025-03-09 23:00:00,27398.216666666667,23,6
2025-03-10 00:00:00,24313.55,0,0
2025-03-10 01:00:00,22057.1,1,0
2025-03-10 02:00:00,21839.766666666666,2,0
2025-03-10 03:00:00,24398.633333333335,3,0
2025-03-10 04:00:00,20875.233333333334,4,0
2025-03-10 05:00:00,21073.3,5,0
2025-03-10 06:00:00,21102.583333333332,6,0
2025-03-10 07:00:00,25078.25,7,0
2025-03-10 08:00:00,32885.63333333333,8,0
2025-03-10 09:00:00,30913.433333333334,9,0
2025-03-10 10:00:00,29890.15,10,0
2025-03-10 11:00:00,28846.816666666666,11,0
2025-03-10 12:00:00,29195.033333333333,12,0
2025-03-10 13:00:00,28836.166666666668,13,0
2025-03-10 14:00:00,27740.866666666665,14,0
2025-03-10 15:00:00,28730.733333333334,15,0
2025-03-10 16:00:00,29921.733333333334,16,0
2025-03-10 17:00:00,32024.2,17,0
2025-03-10 18:00:00,35839.2,18,0
2025-03-10 19:00:00,37584.88333333333,19,0
2025-03-10 20:00:00,35590.01666666667,20,0
2025-03-10 21:00:00,34362.38333333333,21,0
2025-03-10 22:00:00,31802.816666666666,22,0
2025-03-10 23:00:00,28065.566666666666,23,0
2025-03-11 00:00:00,24902.75,0,1
2025-03-11 01:00:00,22783.2,1,1
2025-03-11 02:00:00,22579.483333333334,2,1
2025-03-11 03:00:00,28404.45,3,1
2025-03-11 04:00:00,21136.333333333332,4,1
2025-03-11 05:00:00,21308.633333333335,5,1
2025-03-11 06:00:00,21661.833333333332,6,1
2025-03-11 07:00:00,25437.933333333334,7,1
2025-03-11 08:00:00,33470.11666666667,8,1
2025-03-11 09:00:00,31253.633333333335,9,1
2025-03-11 10:00:00,30392.883333333335,10,1
2025-03-11 11:00:00,29605.683333333334,11,1
2025-03-11 12:00:00,30723.2,12,1
2025-03-11 13:00:00,29816.716666666667,13,1
2025-03-11 14:00:00,28926.933333333334,14,1
2025-03-11 15:00:00,29096.25,15,1
2025-03-11 16:00:00,29627.55,16,1
2025-03-11 17:00:00,32565.983333333334,17,1
2025-03-11 18:00:00,36597.666666666664,18,1
2025-03-11 19:00:00,37682.85,19,1
2025-03-11 20:00:00,36594.333333333336,20,1
2025-03-11 21:00:00,35478.36666666667,21,1
2025-03-11 22:00:00,32739.533333333333,22,1
2025-03-11 23:00:00,28650.516666666666,23,1
2025-03-12 00:00:00,24819.883333333335,0,2
2025-03-12 01:00:00,22715.133333333335,1,2
2025-03-12 02:00:00,22917.766666666666,2,2
2025-03-12 03:00:00,25247.766666666666,3,2
2025-03-12 04:00:00,21675.883333333335,4,2
2025-03-12 05:00:00,21442.433333333334,5,2
2025-03-12 06:00:00,21592.483333333334,6,2
2025-03-12 07:00:00,25656.116666666665,7,2
2025-03-12 08:00:00,33260.0,8,2
2025-03-12 09:00:00,31618.266666666666,9,2
2025-03-12 10:00:00,31361.916666666668,10,2
2025-03-12 11:00:00,30793.033333333333,11,2
2025-03-12 12:00:00,31574.316666666666,12,2
2025-03-12 13:00:00,30573.25,13,2
2025-03-12 14:00:00,29415.566666666666,14,2
2025-03-12 15:00:00,29833.366666666665,15,2
2025-03-12 16:00:00,30706.616666666665,16,2
2025-03-12 17:00:00,33126.066666666666,17,2
2025-03-12 18:00:00,36773.53333333333,18,2
2025-03-12 19:00:00,37035.45,19,2
2025-03-12 20:00:00,34729.833333333336,20,2
2025-03-12 21:00:00,34707.683333333334,21,2
2025-03-12 22:00:00,32328.15,22,2
2025-03-12 23:00:00,28725.7,23,2
2025-03-13 00:00:00,25539.966666666667,0,3
2025-03-13 01:00:00,23164.233333333334,1,3
2025-03-13 02:00:00,23545.9,2,3
2025-03-13 03:00:00,28355.983333333334,3,3
2025-03-13 04:00:00,25934.8,4,3
2025-03-13 05:00:00,23057.933333333334,5,3
2025-03-13 06:00:00,25637.95,6,3
2025-03-13 07:00:00,29905.066666666666,7,3
2025-03-13 08:00:00,34361.36666666667,8,3
2025-03-13 09:00:00,32794.28333333333,9,3
2025-03-13 10:00:00,32652.8,10,3
2025-03-13 11:00:00,31433.183333333334,11,3
2025-03-13 12:00:00,33535.78333333333,12,3
2025-03-13 13:00:00,30729.566666666666,13,3
2025-03-13 14:00:00,29374.15,14,3
2025-03-13 15:00:00,30460.966666666667,15,3
2025-03-13 16:00:00,31186.3,16,3
2025-03-13 17:00:00,33172.75,17,3
2025-03-13 18:00:00,37235.86666666667,18,3
2025-03-13 19:00:00,38543.933333333334,19,3
2025-03-13 20:00:00,32511.216666666667,20,3
2025-03-13 21:00:00,28765.683333333334,21,3
2025-03-13 22:00:00,20304.233333333334,22,3
2025-03-13 23:00:00,14120.216666666667,23,3
2025-03-14 00:00:00,26842.816666666666,0,4
2025-03-14 01:00:00,24514.683333333334,1,4
2025-03-14 02:00:00,24074.5,2,4
2025-03-14 03:00:00,29272.916666666668,3,4
2025-03-14 04:00:00,22286.25,4,4
2025-03-14 05:00:00,22620.416666666668,5,4
2025-03-14 06:00:00,22580.9,6,4
2025-03-14 07:00:00,24915.7,7,4
2025-03-14 08:00:00,28899.966666666667,8,4
2025-03-14 09:00:00,33685.9,9,4
2025-03-14 10:00:00,37222.65,10,4
2025-03-14 11:00:00,37432.63333333333,11,4
2025-03-14 12:00:00,36730.86666666667,12,4
2025-03-14 13:00:00,35405.03333333333,13,4
2025-03-14 14:00:00,34663.71666666667,14,4
2025-03-14 15:00:00,34872.2,15,4
2025-03-14 16:00:00,35465.4,16,4
2025-03-14 17:00:00,36950.2,17,4
2025-03-14 18:00:00,38583.183333333334,18,4
2025-03-14 19:00:00,39118.6,19,4
2025-03-14 20:00:00,36354.333333333336,20,4
2025-03-14 21:00:00,35440.63333333333,21,4
2025-03-14 22:00:00,34200.816666666666,22,4
2025-03-14 23:00:00,30575.733333333334,23,4
2025-03-15 00:00:00,27272.483333333334,0,5
2025-03-15 01:00:00,24556.45,1,5
2025-03-15 02:00:00,24388.016666666666,2,5
2025-03-15 03:00:00,26571.9,3,5
2025-03-15 04:00:00,22607.1,4,5
2025-03-15 05:00:00,22397.616666666665,5,5
2025-03-15 06:00:00,22396.983333333334,6,5
2025-03-15 07:00:00,23877.666666666668,7,5
2025-03-15 08:00:00,27779.433333333334,8,5
2025-03-15 09:00:00,32483.85,9,5
2025-03-15 10:00:00,36647.78333333333,10,5
2025-03-15 11:00:00,37096.71666666667,11,5
2025-03-15 12:00:00,37042.0,12,5
2025-03-15 13:00:00,36109.816666666666,13,5
2025-03-15 14:00:00,35376.166666666664,14,5
2025-03-15 15:00:00,35282.01666666667,15,5
2025-03-15 16:00:00,36419.583333333336,16,5
2025-03-15 17:00:00,37947.36666666667,17,5
2025-03-15 18:00:00,39388.23333333333,18,5
2025-03-15 19:00:00,39357.53333333333,19,5
2025-03-15 20:00:00,37460.4,20,5
2025-03-15 21:00:00,36194.46666666667,21,5
2025-03-15 22:00:00,33685.416666666664,22,5
2025-03-15 23:00:00,29465.6,23,5
2025-03-16 00:00:00,26176.216666666667,0,6
2025-03-16 01:00:00,24158.266666666666,1,6
2025-03-16 02:00:00,24446.866666666665,2,6
2025-03-16 03:00:00,26978.966666666667,3,6
2025-03-16 04:00:00,23049.866666666665,4,6
2025-03-16 05:00:00,23116.35,5,6
2025-03-16 06:00:00,22909.483333333334,6,6
2025-03-16 07:00:00,27575.583333333332,7,6
2025-03-16 08:00:00,35462.88333333333,8,6
2025-03-16 09:00:00,34156.63333333333,9,6
2025-03-16 10:00:00,33428.15,10,6
2025-03-16 11:00:00,32353.616666666665,11,6
2025-03-16 12:00:00,33108.15,12,6
2025-03-16 13:00:00,32680.3,13,6
2025-03-16 14:00:00,31560.966666666667,14,6
2025-03-16 15:00:00,31946.033333333333,15,6
2025-03-16 16:00:00,32569.933333333334,16,6
2025-03-16 17:00:00,35057.916666666664,17,6
2025-03-16 18:00:00,38000.183333333334,18,6
2025-03-16 19:00:00,39396.583333333336,19,6
2025-03-16 20:00:00,38007.1,20,6
2025-03-16 21:00:00,36472.2,21,6
2025-03-16 22:00:00,33928.51666666667,22,6
2025-03-16 23:00:00,30229.15,23,6
2025-03-17 00:00:00,26869.066666666666,0,0
2025-03-17 01:00:00,24472.133333333335,1,0
2025-03-17 02:00:00,24276.55,2,0
2025-03-17 03:00:00,26865.066666666666,3,0
2025-03-17 04:00:00,23095.9,4,0
2025-03-17 05:00:00,23231.116666666665,5,0
2025-03-17 06:00:00,22887.316666666666,6,0
2025-03-17 07:00:00,27263.483333333334,7,0
2025-03-17 08:00:00,35312.833333333336,8,0
2025-03-17 09:00:00,34013.7,9,0
2025-03-17 10:00:00,34414.46666666667,10,0
2025-03-17 11:00:00,34168.86666666667,11,0
2025-03-17 12:00:00,34635.5,12,0
2025-03-17 13:00:00,33455.066666666666,13,0
2025-03-17 14:00:00,32418.283333333333,14,0
2025-03-17 15:00:00,32824.166666666664,15,0
2025-03-17 16:00:00,33005.86666666667,16,0
2025-03-17 17:00:00,35371.71666666667,17,0
2025-03-17 18:00:00,38633.88333333333,18,0
2025-03-17 19:00:00,39928.666666666664,19,0
2025-03-17 20:00:00,37631.36666666667,20,0
2025-03-17 21:00:00,36082.9,21,0
2025-03-17 22:00:00,33395.0,22,0
2025-03-17 23:00:00,29739.6,23,0
2025-03-18 00:00:00,26678.8,0,1
2025-03-18 01:00:00,24812.083333333332,1,1
2025-03-18 02:00:00,24762.916666666668,2,1
2025-03-18 03:00:00,27055.083333333332,3,1
2025-03-18 04:00:00,23371.816666666666,4,1
2025-03-18 05:00:00,23647.95,5,1
2025-03-18 06:00:00,23499.166666666668,6,1
2025-03-18 07:00:00,27621.383333333335,7,1
2025-03-18 08:00:00,35847.85,8,1
2025-03-18 09:00:00,34300.25,9,1
2025-03-18 10:00:00,34539.7,10,1
2025-03-18 11:00:00,34225.88333333333,11,1
2025-03-18 12:00:00,34326.9,12,1
2025-03-18 13:00:00,33596.73333333333,13,1
2025-03-18 14:00:00,32632.5,14,1
2025-03-18 15:00:00,33607.53333333333,15,1
2025-03-18 16:00:00,33941.5,16,1
2025-03-18 17:00:00,36087.316666666666,17,1
2025-03-18 18:00:00,39067.566666666666,18,1
2025-03-18 19:00:00,41073.35,19,1
2025-03-18 20:00:00,38431.61666666667,20,1
2025-03-18 21:00:00,36839.416666666664,21,1
2025-03-18 22:00:00,34801.683333333334,22,1
2025-03-18 23:00:00,30758.183333333334,23,1
2025-03-19 00:00:00,27703.016666666666,0,2
2025-03-19 01:00:00,25112.133333333335,1,2
2025-03-19 02:00:00,24895.783333333333,2,2
2025-03-19 03:00:00,27324.233333333334,3,2
2025-03-19 04:00:00,23844.7,4,2
2025-03-19 05:00:00,23781.5,5,2
2025-03-19 06:00:00,23559.45,6,2
2025-03-19 07:00:00,27984.683333333334,7,2
2025-03-19 08:00:00,35730.7,8,2
2025-03-19 09:00:00,34788.96666666667,9,2
2025-03-19 10:00:00,34815.433333333334,10,2
2025-03-19 11:00:00,34551.55,11,2
2025-03-19 12:00:00,34748.65,12,2
2025-03-19 13:00:00,33927.63333333333,13,2
2025-03-19 14:00:00,32970.433333333334,14,2
2025-03-19 15:00:00,33519.13333333333,15,2
2025-03-19 16:00:00,33580.916666666664,16,2
2025-03-19 17:00:00,36360.45,17,2
2025-03-19 18:00:00,38509.333333333336,18,2
2025-03-19 19:00:00,40377.21666666667,19,2
2025-03-19 20:00:00,38858.583333333336,20,2
2025-03-19 21:00:00,37433.933333333334,21,2
2025-03-19 22:00:00,34454.583333333336,22,2
2025-03-19 23:00:00,30605.65,23,2
2025-03-20 00:00:00,27474.55,0,3
2025-03-20 01:00:00,25372.766666666666,1,3
2025-03-20 02:00:00,25342.866666666665,2,3
2025-03-20 03:00:00,27598.033333333333,3,3
2025-03-20 04:00:00,24222.566666666666,4,3
2025-03-20 05:00:00,24545.283333333333,5,3
2025-03-20 06:00:00,24404.1,6,3
2025-03-20 07:00:00,28402.783333333333,7,3
2025-03-20 08:00:00,36094.36666666667,8,3
2025-03-20 09:00:00,34546.78333333333,9,3
2025-03-20 10:00:00,34810.666666666664,10,3
2025-03-20 11:00:00,34436.95,11,3
2025-03-20 12:00:00,35159.8,12,3
2025-03-20 13:00:00,34291.28333333333,13,3
2025-03-20 14:00:00,33126.0,14,3
2025-03-20 15:00:00,33722.583333333336,15,3
2025-03-20 16:00:00,34371.816666666666,16,3
2025-03-20 17:00:00,36819.2,17,3
2025-03-20 18:00:00,40032.2,18,3
2025-03-20 19:00:00,41000.86666666667,19,3
2025-03-20 20:00:00,39019.51666666667,20,3
2025-03-20 21:00:00,37466.916666666664,21,3
2025-03-20 22:00:00,35761.71666666667,22,3
2025-03-20 23:00:00,31437.566666666666,23,3
2025-03-21 00:00:00,28752.233333333334,0,4
2025-03-21 01:00:00,26604.9,1,4
2025-03-21 02:00:00,26221.966666666667,2,4
2025-03-21 03:00:00,28602.966666666667,3,4
2025-03-21 04:00:00,24550.933333333334,4,4
2025-03-21 05:00:00,24565.55,5,4
2025-03-21 06:00:00,24272.65,6,4
2025-03-21 07:00:00,26062.5,7,4
2025-03-21 08:00:00,30412.066666666666,8,4
2025-03-21 09:00:00,35399.38333333333,9,4
2025-03-21 10:00:00,38833.28333333333,10,4
2025-03-21 11:00:00,39469.48333333333,11,4
2025-03-21 12:00:00,38871.7,12,4
2025-03-21 13:00:00,37950.21666666667,13,4
2025-03-21 14:00:00,37196.066666666666,14,4
2025-03-21 15:00:00,37392.183333333334,15,4
2025-03-21 16:00:00,38418.433333333334,16,4
2025-03-21 17:00:00,39781.683333333334,17,4
2025-03-21 18:00:00,41478.55,18,4
2025-03-21 19:00:00,41008.86666666667,19,4
2025-03-21 20:00:00,39257.316666666666,20,4
2025-03-21 21:00:00,38030.55,21,4
2025-03-21 22:00:00,35968.96666666667,22,4
2025-03-21 23:00:00,32936.916666666664,23,4
2025-03-22 00:00:00,29046.5,0,5
2025-03-22 01:00:00,26827.0,1,5
2025-03-22 02:00:00,26356.016666666666,2,5
2025-03-22 03:00:00,28381.933333333334,3,5
2025-03-22 04:00:00,24768.066666666666,4,5
2025-03-22 05:00:00,24911.05,5,5
2025-03-22 06:00:00,24811.183333333334,6,5
2025-03-22 07:00:00,26394.2,7,5
2025-03-22 08:00:00,29433.833333333332,8,5
2025-03-22 09:00:00,34031.38333333333,9,5
2025-03-22 10:00:00,38233.36666666667,10,5
2025-03-22 11:00:00,38922.86666666667,11,5
2025-03-22 12:00:00,39357.36666666667,12,5
2025-03-22 13:00:00,37958.2,13,5
2025-03-22 14:00:00,37321.083333333336,14,5
2025-03-22 15:00:00,37662.73333333333,15,5
2025-03-22 16:00:00,38362.45,16,5
2025-03-22 17:00:00,40295.583333333336,17,5
2025-03-22 18:00:00,41934.36666666667,18,5
2025-03-22 19:00:00,42162.333333333336,19,5
2025-03-22 20:00:00,40492.76666666667,20,5
2025-03-22 21:00:00,38417.083333333336,21,5
2025-03-22 22:00:00,35403.6,22,5
2025-03-22 23:00:00,31744.133333333335,23,5
2025-03-23 00:00:00,28308.483333333334,0,6
2025-03-23 01:00:00,26027.033333333333,1,6
2025-03-23 02:00:00,26029.5,2,6
2025-03-23 03:00:00,28760.6,3,6
2025-03-23 04:00:00,24824.883333333335,4,6
2025-03-23 05:00:00,24850.7,5,6
2025-03-23 06:00:00,24945.816666666666,6,6
2025-03-23 07:00:00,29432.75,7,6
2025-03-23 08:00:00,37076.71666666667,8,6
2025-03-23 09:00:00,34936.3,9,6
2025-03-23 10:00:00,34639.76666666667,10,6
2025-03-23 11:00:00,34266.88333333333,11,6
2025-03-23 12:00:00,34996.166666666664,12,6
2025-03-23 13:00:00,34062.61666666667,13,6
2025-03-23 14:00:00,33433.566666666666,14,6
2025-03-23 15:00:00,34057.48333333333,15,6
2025-03-23 16:00:00,35107.566666666666,16,6
2025-03-23 17:00:00,37210.88333333333,17,6
2025-03-23 18:00:00,40035.75,18,6
2025-03-23 19:00:00,42048.46666666667,19,6
2025-03-23 20:00:00,40036.95,20,6
2025-03-23 21:00:00,38012.23333333333,21,6
2025-03-23 22:00:00,35356.583333333336,22,6
2025-03-23 23:00:00,31643.55,23,6
2025-03-24 00:00:00,28638.5,0,0
2025-03-24 01:00:00,26304.483333333334,1,0
2025-03-24 02:00:00,26082.583333333332,2,0
2025-03-24 03:00:00,28597.916666666668,3,0
2025-03-24 04:00:00,24848.916666666668,4,0
2025-03-24 05:00:00,24920.533333333333,5,0
2025-03-24 06:00:00,25091.916666666668,6,0
2025-03-24 07:00:00,29171.3,7,0
2025-03-24 08:00:00,36822.3,8,0
2025-03-24 09:00:00,34927.76666666667,9,0
2025-03-24 10:00:00,34170.75,10,0
2025-03-24 11:00:00,34107.2,11,0
2025-03-24 12:00:00,34683.48333333333,12,0
2025-03-24 13:00:00,33822.71666666667,13,0
2025-03-24 14:00:00,32758.75,14,0
2025-03-24 15:00:00,33070.3,15,0
2025-03-24 16:00:00,33682.63333333333,16,0
2025-03-24 17:00:00,35541.9,17,0
2025-03-24 18:00:00,40064.85,18,0
2025-03-24 19:00:00,41822.65,19,0
2025-03-24 20:00:00,39671.416666666664,20,0
2025-03-24 21:00:00,38478.05,21,0
2025-03-24 22:00:00,35823.5,22,0
2025-03-24 23:00:00,32869.1,23,0
2025-03-25 00:00:00,28588.266666666666,0,1
2025-03-25 01:00:00,26164.0,1,1
2025-03-25 02:00:00,25979.083333333332,2,1
2025-03-25 03:00:00,28408.966666666667,3,1
2025-03-25 04:00:00,24647.716666666667,4,1
2025-03-25 05:00:00,24815.783333333333,5,1
2025-03-25 06:00:00,25226.333333333332,6,1
2025-03-25 07:00:00,29389.366666666665,7,1
2025-03-25 08:00:00,36750.916666666664,8,1
2025-03-25 09:00:00,35114.13333333333,9,1
2025-03-25 10:00:00,34270.416666666664,10,1
2025-03-25 11:00:00,34201.11666666667,11,1
2025-03-25 12:00:00,35145.38333333333,12,1
2025-03-25 13:00:00,34308.11666666667,13,1
2025-03-25 14:00:00,32842.3,14,1
2025-03-25 15:00:00,33062.21666666667,15,1
2025-03-25 16:00:00,34056.333333333336,16,1
2025-03-25 17:00:00,36462.96666666667,17,1
2025-03-25 18:00:00,39586.03333333333,18,1
2025-03-25 19:00:00,40827.1,19,1
2025-03-25 20:00:00,38610.63333333333,20,1
2025-03-25 21:00:00,37540.98333333333,21,1
2025-03-25 22:00:00,34987.1,22,1
2025-03-25 23:00:00,32821.03333333333,23,1
2025-03-26 00:00:00,29314.383333333335,0,2
2025-03-26 01:00:00,25372.016666666666,1,2
2025-03-26 02:00:00,25088.466666666667,2,2
2025-03-26 03:00:00,27765.7,3,2
2025-03-26 04:00:00,24129.0,4,2
2025-03-26 05:00:00,24461.133333333335,5,2
2025-03-26 06:00:00,24615.2,6,2
2025-03-26 07:00:00,28408.8,7,2
2025-03-26 08:00:00,36434.26666666667,8,2
2025-03-26 09:00:00,34755.35,9,2
2025-03-26 10:00:00,34424.95,10,2
2025-03-26 11:00:00,34258.683333333334,11,2
2025-03-26 12:00:00,34988.85,12,2
2025-03-26 13:00:00,34411.65,13,2
2025-03-26 14:00:00,33020.03333333333,14,2
2025-03-26 15:00:00,33936.183333333334,15,2
2025-03-26 16:00:00,34224.13333333333,16,2
2025-03-26 17:00:00,36889.11666666667,17,2
2025-03-26 18:00:00,40924.1,18,2
2025-03-26 19:00:00,41042.9,19,2
2025-03-26 20:00:00,39682.98333333333,20,2
2025-03-26 21:00:00,38037.98333333333,21,2
2025-03-26 22:00:00,35538.433333333334,22,2
2025-03-26 23:00:00,33032.23333333333,23,2
2025-03-27 00:00:00,30552.233333333334,0,3
2025-03-27 01:00:00,5962.4,1,3
2025-03-27 02:00:00,6699.15,2,3
2025-03-27 03:00:00,8747.416666666666,3,3
2025-03-27 04:00:00,8159.1,4,3
2025-03-27 05:00:00,10205.4,5,3
2025-03-27 06:00:00,11955.85,6,3
2025-03-27 07:00:00,15073.7,7,3
2025-03-27 08:00:00,26561.216666666667,8,3
2025-03-27 09:00:00,26877.866666666665,9,3
2025-03-27 10:00:00,28032.8,10,3
2025-03-27 11:00:00,31091.183333333334,11,3
2025-03-27 12:00:00,34804.4,12,3
2025-03-27 13:00:00,34141.4,13,3
2025-03-27 14:00:00,33193.933333333334,14,3
2025-03-27 15:00:00,33582.833333333336,15,3
2025-03-27 16:00:00,34518.61666666667,16,3
2025-03-27 17:00:00,36732.5,17,3
2025-03-27 18:00:00,39557.35,18,3
2025-03-27 19:00:00,40690.2,19,3
2025-03-27 20:00:00,38588.46666666667,20,3
2025-03-27 21:00:00,37796.76666666667,21,3
2025-03-27 22:00:00,35573.15,22,3
2025-03-27 23:00:00,31845.683333333334,23,3
2025-03-28 00:00:00,28254.533333333333,0,4
2025-03-28 01:00:00,25713.0,1,4
2025-03-28 02:00:00,25497.25,2,4
2025-03-28 03:00:00,27519.666666666668,3,4
2025-03-28 04:00:00,23750.033333333333,4,4
2025-03-28 05:00:00,23624.383333333335,5,4
2025-03-28 06:00:00,23547.616666666665,6,4
2025-03-28 07:00:00,25968.15,7,4
2025-03-28 08:00:00,30131.85,8,4
2025-03-28 09:00:00,34209.583333333336,9,4
2025-03-28 10:00:00,37418.066666666666,10,4
2025-03-28 11:00:00,37415.9,11,4
2025-03-28 12:00:00,36992.05,12,4
2025-03-28 13:00:00,34861.8,13,4
2025-03-28 14:00:00,30648.133333333335,14,4
2025-03-28 15:00:00,26830.333333333332,15,4
2025-03-28 16:00:00,24951.416666666668,16,4
2025-03-28 17:00:00,25853.75,17,4
2025-03-28 18:00:00,26905.016666666666,18,4
2025-03-28 19:00:00,26927.433333333334,19,4
2025-03-28 20:00:00,26446.333333333332,20,4
2025-03-28 21:00:00,26445.916666666668,21,4
2025-03-28 22:00:00,25256.35,22,4
2025-03-28 23:00:00,22877.333333333332,23,4
2025-03-29 00:00:00,20750.283333333333,0,5
2025-03-29 01:00:00,20044.55,1,5
2025-03-29 02:00:00,21885.966666666667,2,5
2025-03-29 03:00:00,26928.466666666667,3,5
2025-03-29 04:00:00,24811.033333333333,4,5
2025-03-29 05:00:00,25166.533333333333,5,5
2025-03-29 06:00:00,25008.45,6,5
2025-03-29 07:00:00,26993.55,7,5
2025-03-29 08:00:00,30527.333333333332,8,5
2025-03-29 09:00:00,35120.96666666667,9,5
2025-03-29 10:00:00,39248.95,10,5
2025-03-29 11:00:00,40291.25,11,5
2025-03-29 12:00:00,39917.8,12,5
2025-03-29 13:00:00,38629.38333333333,13,5
2025-03-29 14:00:00,38057.183333333334,14,5
2025-03-29 15:00:00,38384.416666666664,15,5
2025-03-29 16:00:00,39089.78333333333,16,5
2025-03-29 17:00:00,39776.1,17,5
2025-03-29 18:00:00,41594.28333333333,18,5
2025-03-29 19:00:00,41536.183333333334,19,5
2025-03-29 20:00:00,39842.35,20,5
2025-03-29 21:00:00,37248.833333333336,21,5
2025-03-29 22:00:00,32905.083333333336,22,5
2025-03-29 23:00:00,27610.533333333333,23,5
2025-03-30 00:00:00,24331.95,0,6
2025-03-30 01:00:00,22423.983333333334,1,6
2025-03-30 02:00:00,22307.483333333334,2,6
2025-03-30 03:00:00,24601.216666666667,3,6
2025-03-30 04:00:00,21318.383333333335,4,6
2025-03-30 05:00:00,21771.85,5,6
2025-03-30 06:00:00,21887.933333333334,6,6
2025-03-30 07:00:00,26175.416666666668,7,6
2025-03-30 08:00:00,32662.383333333335,8,6
2025-03-30 09:00:00,30541.433333333334,9,6
2025-03-30 10:00:00,29921.716666666667,10,6
2025-03-30 11:00:00,29029.933333333334,11,6
2025-03-30 12:00:00,27279.6,12,6
2025-03-30 13:00:00,24370.65,13,6
2025-03-30 14:00:00,22134.8,14,6
2025-03-30 15:00:00,21744.166666666668,15,6
2025-03-30 16:00:00,21276.05,16,6
2025-03-30 17:00:00,22163.95,17,6
2025-03-30 18:00:00,24093.916666666668,18,6
2025-03-30 19:00:00,24429.133333333335,19,6
2025-03-30 20:00:00,23484.566666666666,20,6
2025-03-30 21:00:00,24225.733333333334,21,6
2025-03-30 22:00:00,25227.266666666666,22,6
2025-03-30 23:00:00,24443.783333333333,23,6
2025-03-31 00:00:00,25436.983333333334,0,0
2025-03-31 01:00:00,25062.833333333332,1,0
2025-03-31 02:00:00,25992.2,2,0
2025-03-31 03:00:00,29038.35,3,0
2025-03-31 04:00:00,25381.616666666665,4,0
2025-03-31 05:00:00,25792.65,5,0
2025-03-31 06:00:00,26125.15,6,0
2025-03-31 07:00:00,30263.266666666666,7,0
2025-03-31 08:00:00,38302.63333333333,8,0
2025-03-31 09:00:00,36730.3,9,0
2025-03-31 10:00:00,37207.066666666666,10,0
2025-03-31 11:00:00,36623.25,11,0
2025-03-31 12:00:00,36975.833333333336,12,0
2025-03-31 13:00:00,36652.0,13,0
2025-03-31 14:00:00,35800.96666666667,14,0
2025-03-31 15:00:00,35967.1,15,0
2025-03-31 16:00:00,36499.75,16,0
2025-03-31 17:00:00,38833.61666666667,17,0
2025-03-31 18:00:00,41492.333333333336,18,0
2025-03-31 19:00:00,41959.86666666667,19,0
2025-03-31 20:00:00,39216.03333333333,20,0
2025-03-31 21:00:00,37793.816666666666,21,0
2025-03-31 22:00:00,35753.45,22,0
2025-03-31 23:00:00,32356.966666666667,23,0
2025-04-01 00:00:00,28882.183333333334,0,1
2025-04-01 01:00:00,26843.733333333334,1,1
2025-04-01 02:00:00,26482.066666666666,2,1
2025-04-01 03:00:00,28779.0,3,1
2025-04-01 04:00:00,24504.2,4,1
2025-04-01 05:00:00,24469.033333333333,5,1
2025-04-01 06:00:00,24453.25,6,1
2025-04-01 07:00:00,26663.166666666668,7,1
2025-04-01 08:00:00,30288.633333333335,8,1
2025-04-01 09:00:00,34736.65,9,1
2025-04-01 10:00:00,38875.28333333333,10,1
2025-04-01 11:00:00,39358.8,11,1
2025-04-01 12:00:00,39069.75,12,1
2025-04-01 13:00:00,37537.51666666667,13,1
2025-04-01 14:00:00,36772.333333333336,14,1
2025-04-01 15:00:00,37450.816666666666,15,1
2025-04-01 16:00:00,38001.85,16,1
2025-04-01 17:00:00,39880.666666666664,17,1
2025-04-01 18:00:00,41134.5,18,1
2025-04-01 19:00:00,40927.63333333333,19,1
2025-04-01 20:00:00,39659.98333333333,20,1
2025-04-01 21:00:00,38370.916666666664,21,1
2025-04-01 22:00:00,35668.25,22,1
2025-04-01 23:00:00,32150.5,23,1
2025-04-02 00:00:00,30173.416666666668,0,2
2025-04-02 01:00:00,6598.016666666666,1,2
2025-04-02 02:00:00,7374.7,2,2
2025-04-02 03:00:00,10084.55,3,2
2025-04-02 04:00:00,9646.9,4,2
2025-04-02 05:00:00,10400.383333333333,5,2
2025-04-02 06:00:00,12335.066666666668,6,2
2025-04-02 07:00:00,17136.416666666668,7,2
2025-04-02 08:00:00,25396.85,8,2
2025-04-02 09:00:00,29188.833333333332,9,2
2025-04-02 10:00:00,34794.7,10,2
2025-04-02 11:00:00,39123.1,11,2
2025-04-02 12:00:00,41153.566666666666,12,2
2025-04-02 13:00:00,39793.916666666664,13,2
2025-04-02 14:00:00,38353.916666666664,14,2
2025-04-02 15:00:00,38739.816666666666,15,2
2025-04-02 16:00:00,39173.433333333334,16,2
2025-04-02 17:00:00,40353.38333333333,17,2
2025-04-02 18:00:00,42327.63333333333,18,2
2025-04-02 19:00:00,43074.3,19,2
2025-04-02 20:00:00,41111.083333333336,20,2
2025-04-02 21:00:00,40096.03333333333,21,2
2025-04-02 22:00:00,37991.5,22,2
2025-04-02 23:00:00,34807.566666666666,23,2
2025-04-03 00:00:00,31108.433333333334,0,3
2025-04-03 01:00:00,28481.566666666666,1,3
2025-04-03 02:00:00,27997.05,2,3
2025-04-03 03:00:00,30496.7,3,3
2025-04-03 04:00:00,26291.8,4,3
2025-04-03 05:00:00,26514.083333333332,5,3
2025-04-03 06:00:00,26622.65,6,3
2025-04-03 07:00:00,28365.95,7,3
2025-04-03 08:00:00,31940.733333333334,8,3
2025-04-03 09:00:00,36653.083333333336,9,3
2025-04-03 10:00:00,40462.63333333333,10,3
2025-04-03 11:00:00,41048.7,11,3
2025-04-03 12:00:00,41235.46666666667,12,3
2025-04-03 13:00:00,39294.61666666667,13,3
2025-04-03 14:00:00,38819.35,14,3
2025-04-03 15:00:00,38919.65,15,3
2025-04-03 16:00:00,40158.35,16,3
2025-04-03 17:00:00,41671.53333333333,17,3
2025-04-03 18:00:00,43866.28333333333,18,3
2025-04-03 19:00:00,44460.683333333334,19,3
2025-04-03 20:00:00,43125.85,20,3
2025-04-03 21:00:00,41515.38333333333,21,3
2025-04-03 22:00:00,38418.416666666664,22,3
2025-04-03 23:00:00,34389.566666666666,23,3
2025-04-04 00:00:00,30851.016666666666,0,4
2025-04-04 01:00:00,28518.15,1,4
2025-04-04 02:00:00,28276.55,2,4
2025-04-04 03:00:00,31297.133333333335,3,4
2025-04-04 04:00:00,26906.116666666665,4,4
2025-04-04 05:00:00,27120.85,5,4
2025-04-04 06:00:00,27399.6,6,4
2025-04-04 07:00:00,32508.766666666666,7,4
2025-04-04 08:00:00,39905.35,8,4
2025-04-04 09:00:00,38294.066666666666,9,4
2025-04-04 10:00:00,37411.65,10,4
2025-04-04 11:00:00,37071.083333333336,11,4
2025-04-04 12:00:00,37467.86666666667,12,4
2025-04-04 13:00:00,37046.71666666667,13,4
2025-04-04 14:00:00,35742.433333333334,14,4
2025-04-04 15:00:00,36955.166666666664,15,4
2025-04-04 16:00:00,37651.916666666664,16,4
2025-04-04 17:00:00,40163.7,17,4
2025-04-04 18:00:00,43638.95,18,4
2025-04-04 19:00:00,44973.6,19,4
2025-04-04 20:00:00,43844.46666666667,20,4
2025-04-04 21:00:00,41776.76666666667,21,4
2025-04-04 22:00:00,39329.21666666667,22,4
2025-04-04 23:00:00,34594.9,23,4
2025-04-05 00:00:00,32044.433333333334,0,5
2025-04-05 01:00:00,28944.55,1,5
2025-04-05 02:00:00,28470.516666666666,2,5
2025-04-05 03:00:00,37585.48333333333,3,5
2025-04-05 04:00:00,35259.48333333333,4,5
2025-04-05 05:00:00,32622.583333333332,5,5
2025-04-05 06:00:00,28171.083333333332,6,5
2025-04-05 07:00:00,32674.6,7,5
2025-04-05 08:00:00,40704.38333333333,8,5
2025-04-05 09:00:00,38727.53333333333,9,5
2025-04-05 10:00:00,38744.3,10,5
2025-04-05 11:00:00,38324.86666666667,11,5
2025-04-05 12:00:00,38448.13333333333,12,5
2025-04-05 13:00:00,37212.86666666667,13,5
2025-04-05 14:00:00,35526.45,14,5
2025-04-05 15:00:00,34858.96666666667,15,5
2025-04-05 16:00:00,35609.73333333333,16,5
2025-04-05 17:00:00,37407.166666666664,17,5
2025-04-05 18:00:00,41112.98333333333,18,5
2025-04-05 19:00:00,42561.98333333333,19,5
2025-04-05 20:00:00,40885.53333333333,20,5
2025-04-05 21:00:00,39513.65,21,5
2025-04-05 22:00:00,37113.53333333333,22,5
2025-04-05 23:00:00,31449.466666666667,23,5
2025-04-06 00:00:00,26211.75,0,6
2025-04-06 01:00:00,25464.716666666667,1,6
2025-04-06 02:00:00,24932.466666666667,2,6
2025-04-06 03:00:00,28145.816666666666,3,6
2025-04-06 04:00:00,33610.36666666667,4,6
2025-04-06 05:00:00,27270.383333333335,5,6
2025-04-06 06:00:00,24771.7,6,6
2025-04-06 07:00:00,28798.066666666666,7,6
2025-04-06 08:00:00,35846.333333333336,8,6
2025-04-06 09:00:00,33811.23333333333,9,6
2025-04-06 10:00:00,33789.4,10,6
2025-04-06 11:00:00,34795.666666666664,11,6
2025-04-06 12:00:00,34005.933333333334,12,6
2025-04-06 13:00:00,30880.85,13,6
2025-04-06 14:00:00,28447.7,14,6
2025-04-06 15:00:00,27787.25,15,6
2025-04-06 16:00:00,28123.733333333334,16,6
2025-04-06 17:00:00,30017.783333333333,17,6
2025-04-06 18:00:00,32550.766666666666,18,6
2025-04-06 19:00:00,34356.46666666667,19,6
2025-04-06 20:00:00,32431.583333333332,20,6
2025-04-06 21:00:00,31062.35,21,6
2025-04-06 22:00:00,29359.716666666667,22,6
2025-04-06 23:00:00,26520.316666666666,23,6
2025-04-07 00:00:00,25117.016666666666,0,0
2025-04-07 01:00:00,25209.566666666666,1,0
2025-04-07 02:00:00,27367.166666666668,2,0
2025-04-07 03:00:00,31306.133333333335,3,0
2025-04-07 04:00:00,27666.533333333333,4,0
2025-04-07 05:00:00,27433.6,5,0
2025-04-07 06:00:00,27841.4,6,0
2025-04-07 07:00:00,32479.566666666666,7,0
2025-04-07 08:00:00,40035.05,8,0
2025-04-07 09:00:00,38233.166666666664,9,0
2025-04-07 10:00:00,38208.73333333333,10,0
2025-04-07 11:00:00,37716.5,11,0
2025-04-07 12:00:00,38386.1,12,0
2025-04-07 13:00:00,37568.21666666667,13,0
2025-04-07 14:00:00,36120.816666666666,14,0
2025-04-07 15:00:00,36641.95,15,0
2025-04-07 16:00:00,37560.51666666667,16,0
2025-04-07 17:00:00,39973.21666666667,17,0
2025-04-07 18:00:00,43774.666666666664,18,0
2025-04-07 19:00:00,45417.61666666667,19,0
2025-04-07 20:00:00,43834.45,20,0
2025-04-07 21:00:00,41674.566666666666,21,0
2025-04-07 22:00:00,39525.36666666667,22,0
2025-04-07 23:00:00,36925.066666666666,23,0
2025-04-08 00:00:00,33879.333333333336,0,1
2025-04-08 01:00:00,10273.533333333333,1,1
2025-04-08 02:00:00,11445.183333333332,2,1
2025-04-08 03:00:00,13601.133333333333,3,1
2025-04-08 04:00:00,12037.866666666667,4,1
2025-04-08 05:00:00,13498.466666666667,5,1
2025-04-08 06:00:00,15148.333333333334,6,1
2025-04-08 07:00:00,23584.416666666668,7,1
2025-04-08 08:00:00,36140.183333333334,8,1
2025-04-08 09:00:00,37888.666666666664,9,1
2025-04-08 10:00:00,37377.2,10,1
2025-04-08 11:00:00,38769.083333333336,11,1
2025-04-08 12:00:00,39495.01666666667,12,1
2025-04-08 13:00:00,38192.0,13,1
2025-04-08 14:00:00,36989.666666666664,14,1
2025-04-08 15:00:00,37979.61666666667,15,1
2025-04-08 16:00:00,39248.63333333333,16,1
2025-04-08 17:00:00,42307.95,17,1
2025-04-08 18:00:00,44332.083333333336,18,1
2025-04-08 19:00:00,46162.433333333334,19,1
2025-04-08 20:00:00,44641.166666666664,20,1
2025-04-08 21:00:00,43355.36666666667,21,1
2025-04-08 22:00:00,41060.816666666666,22,1
2025-04-08 23:00:00,38281.5,23,1
2025-04-09 00:00:00,34513.416666666664,0,2
2025-04-09 01:00:00,31861.666666666668,1,2
2025-04-09 02:00:00,31402.616666666665,2,2
2025-04-09 03:00:00,33833.85,3,2
2025-04-09 04:00:00,29418.166666666668,4,2
2025-04-09 05:00:00,29458.2,5,2
2025-04-09 06:00:00,29720.283333333333,6,2
2025-04-09 07:00:00,32248.733333333334,7,2
2025-04-09 08:00:00,36574.55,8,2
2025-04-09 09:00:00,41228.9,9,2
2025-04-09 10:00:00,44812.23333333333,10,2
2025-04-09 11:00:00,44072.38333333333,11,2
2025-04-09 12:00:00,42974.63333333333,12,2
2025-04-09 13:00:00,41917.36666666667,13,2
2025-04-09 14:00:00,40962.01666666667,14,2
2025-04-09 15:00:00,41474.083333333336,15,2
2025-04-09 16:00:00,41300.26666666667,16,2
2025-04-09 17:00:00,38898.88333333333,17,2
2025-04-09 18:00:00,34988.96666666667,18,2
2025-04-09 19:00:00,29636.616666666665,19,2
2025-04-09 20:00:00,23479.45,20,2
2025-04-09 21:00:00,19715.6,21,2
2025-04-09 22:00:00,16912.0,22,2
2025-04-09 23:00:00,15185.85,23,2
2025-04-10 00:00:00,13719.616666666667,0,3
2025-04-10 01:00:00,12276.7,1,3
2025-04-10 02:00:00,12244.95,2,3
2025-04-10 03:00:00,13140.05,3,3
2025-04-10 04:00:00,12208.016666666666,4,3
2025-04-10 05:00:00,14456.433333333332,5,3
2025-04-10 06:00:00,18353.75,6,3
2025-04-10 07:00:00,23658.233333333334,7,3
2025-04-10 08:00:00,30335.033333333333,8,3
2025-04-10 09:00:00,37349.78333333333,9,3
2025-04-10 10:00:00,42887.03333333333,10,3
2025-04-10 11:00:00,43254.333333333336,11,3
2025-04-10 12:00:00,43030.666666666664,12,3
2025-04-10 13:00:00,41827.63333333333,13,3
2025-04-10 14:00:00,41412.26666666667,14,3
2025-04-10 15:00:00,41370.76666666667,15,3
2025-04-10 16:00:00,42468.51666666667,16,3
2025-04-10 17:00:00,44858.6,17,3
2025-04-10 18:00:00,46632.98333333333,18,3
2025-04-10 19:00:00,47985.23333333333,19,3
2025-04-10 20:00:00,45567.25,20,3
2025-04-10 21:00:00,38685.183333333334,21,3
2025-04-10 22:00:00,26859.316666666666,22,3
2025-04-10 23:00:00,17551.766666666666,23,3
2025-04-11 00:00:00,14288.15,0,4
2025-04-11 01:00:00,12814.366666666667,1,4
2025-04-11 02:00:00,12572.25,2,4
2025-04-11 03:00:00,13881.766666666666,3,4
2025-04-11 04:00:00,12124.9,4,4
2025-04-11 05:00:00,12019.016666666666,5,4
2025-04-11 06:00:00,12260.516666666666,6,4
2025-04-11 07:00:00,14355.366666666667,7,4
2025-04-11 08:00:00,18299.133333333335,8,4
2025-04-11 09:00:00,21689.766666666666,9,4
2025-04-11 10:00:00,30244.566666666666,10,4
2025-04-11 11:00:00,37639.05,11,4
2025-04-11 12:00:00,39181.78333333333,12,4
2025-04-11 13:00:00,39226.583333333336,13,4
2025-04-11 14:00:00,38283.65,14,4
2025-04-11 15:00:00,38567.0,15,4
2025-04-11 16:00:00,38995.5,16,4
2025-04-11 17:00:00,41886.55,17,4
2025-04-11 18:00:00,45758.38333333333,18,4
2025-04-11 19:00:00,47498.916666666664,19,4
2025-04-11 20:00:00,45656.05,20,4
2025-04-11 21:00:00,44261.23333333333,21,4
2025-04-11 22:00:00,39700.36666666667,22,4
2025-04-11 23:00:00,32539.966666666667,23,4
2025-04-12 00:00:00,25686.25,0,5
2025-04-12 01:00:00,22161.25,1,5
2025-04-12 02:00:00,21380.516666666666,2,5
2025-04-12 03:00:00,23202.466666666667,3,5
2025-04-12 04:00:00,20238.983333333334,4,5
2025-04-12 05:00:00,20224.316666666666,5,5
2025-04-12 06:00:00,20413.3,6,5
2025-04-12 07:00:00,23160.883333333335,7,5
2025-04-12 08:00:00,24930.55,8,5
2025-04-12 09:00:00,19834.3,9,5
2025-04-12 10:00:00,19983.883333333335,10,5
2025-04-12 11:00:00,21569.766666666666,11,5
2025-04-12 12:00:00,26175.933333333334,12,5
2025-04-12 13:00:00,27680.233333333334,13,5
2025-04-12 14:00:00,27634.466666666667,14,5
2025-04-12 15:00:00,28528.083333333332,15,5
2025-04-12 16:00:00,29371.6,16,5
2025-04-12 17:00:00,31759.616666666665,17,5
2025-04-12 18:00:00,34436.73333333333,18,5
2025-04-12 19:00:00,36360.88333333333,19,5
2025-04-12 20:00:00,37520.46666666667,20,5
2025-04-12 21:00:00,41158.01666666667,21,5
2025-04-12 22:00:00,39526.1,22,5
2025-04-12 23:00:00,35604.183333333334,23,5
2025-04-13 00:00:00,30619.9,0,6
2025-04-13 01:00:00,28743.083333333332,1,6
2025-04-13 02:00:00,27960.333333333332,2,6
2025-04-13 03:00:00,30685.4,3,6
2025-04-13 04:00:00,26771.966666666667,4,6
2025-04-13 05:00:00,26536.583333333332,5,6
2025-04-13 06:00:00,26949.866666666665,6,6
2025-04-13 07:00:00,30693.45,7,6
2025-04-13 08:00:00,34724.96666666667,8,6
2025-04-13 09:00:00,30754.183333333334,9,6
2025-04-13 10:00:00,29497.233333333334,10,6
2025-04-13 11:00:00,28489.133333333335,11,6
2025-04-13 12:00:00,29180.533333333333,12,6
2025-04-13 13:00:00,29820.983333333334,13,6
2025-04-13 14:00:00,29237.833333333332,14,6
2025-04-13 15:00:00,29845.416666666668,15,6
2025-04-13 16:00:00,30522.066666666666,16,6
2025-04-13 17:00:00,32395.983333333334,17,6
2025-04-13 18:00:00,35573.083333333336,18,6
2025-04-13 19:00:00,37213.083333333336,19,6
2025-04-13 20:00:00,37914.21666666667,20,6
2025-04-13 21:00:00,38655.566666666666,21,6
2025-04-13 22:00:00,36567.13333333333,22,6
2025-04-13 23:00:00,32224.366666666665,23,6
2025-04-14 00:00:00,29111.05,0,0
2025-04-14 01:00:00,27194.533333333333,1,0
2025-04-14 02:00:00,27028.816666666666,2,0
2025-04-14 03:00:00,29458.583333333332,3,0
2025-04-14 04:00:00,25788.083333333332,4,0
2025-04-14 05:00:00,25641.7,5,0
2025-04-14 06:00:00,26060.966666666667,6,0
2025-04-14 07:00:00,30781.783333333333,7,0
2025-04-14 08:00:00,38100.3,8,0
2025-04-14 09:00:00,37612.13333333333,9,0
2025-04-14 10:00:00,38982.73333333333,10,0
2025-04-14 11:00:00,39200.95,11,0
2025-04-14 12:00:00,40096.25,12,0
2025-04-14 13:00:00,38376.65,13,0
2025-04-14 14:00:00,36072.666666666664,14,0
2025-04-14 15:00:00,36088.15,15,0
2025-04-14 16:00:00,37461.23333333333,16,0
2025-04-14 17:00:00,40143.066666666666,17,0
2025-04-14 18:00:00,43617.96666666667,18,0
2025-04-14 19:00:00,45368.53333333333,19,0
2025-04-14 20:00:00,43059.01666666667,20,0
2025-04-14 21:00:00,41635.6,21,0
2025-04-14 22:00:00,39137.88333333333,22,0
2025-04-14 23:00:00,35618.816666666666,23,0
2025-04-15 00:00:00,32100.183333333334,0,1
2025-04-15 01:00:00,31544.566666666666,1,1
2025-04-15 02:00:00,31656.183333333334,2,1
2025-04-15 03:00:00,35112.26666666667,3,1
2025-04-15 04:00:00,30925.033333333333,4,1
2025-04-15 05:00:00,30566.383333333335,5,1
2025-04-15 06:00:00,30892.65,6,1
2025-04-15 07:00:00,35389.26666666667,7,1
2025-04-15 08:00:00,43411.01666666667,8,1
2025-04-15 09:00:00,41665.03333333333,9,1
2025-04-15 10:00:00,41692.48333333333,10,1
2025-04-15 11:00:00,40243.083333333336,11,1
2025-04-15 12:00:00,38930.183333333334,12,1
2025-04-15 13:00:00,38326.76666666667,13,1
2025-04-15 14:00:00,36678.0,14,1
2025-04-15 15:00:00,37305.13333333333,15,1
2025-04-15 16:00:00,37822.4,16,1
2025-04-15 17:00:00,40973.566666666666,17,1
2025-04-15 18:00:00,44261.25,18,1
2025-04-15 19:00:00,45556.48333333333,19,1
2025-04-15 20:00:00,43398.63333333333,20,1
2025-04-15 21:00:00,42201.9,21,1
2025-04-15 22:00:00,40431.13333333333,22,1
2025-04-15 23:00:00,38242.0,23,1
2025-04-16 00:00:00,35183.98333333333,0,2
2025-04-16 01:00:00,33159.63333333333,1,2
2025-04-16 02:00:00,33074.78333333333,2,2
2025-04-16 03:00:00,35831.53333333333,3,2
2025-04-16 04:00:00,31655.916666666668,4,2
2025-04-16 05:00:00,31262.633333333335,5,2
2025-04-16 06:00:00,31786.583333333332,6,2
2025-04-16 07:00:00,33919.916666666664,7,2
2025-04-16 08:00:00,38621.45,8,2
2025-04-16 09:00:00,42633.25,9,2
2025-04-16 10:00:00,46038.15,10,2
2025-04-16 11:00:00,46246.45,11,2
2025-04-16 12:00:00,47096.76666666667,12,2
2025-04-16 13:00:00,45076.76666666667,13,2
2025-04-16 14:00:00,44834.28333333333,14,2
2025-04-16 15:00:00,44520.433333333334,15,2
2025-04-16 16:00:00,45345.95,16,2
2025-04-16 17:00:00,47366.2,17,2
2025-04-16 18:00:00,49275.85,18,2
2025-04-16 19:00:00,49409.316666666666,19,2
2025-04-16 20:00:00,47554.333333333336,20,2
2025-04-16 21:00:00,46232.38333333333,21,2
2025-04-16 22:00:00,43831.36666666667,22,2
2025-04-16 23:00:00,39858.316666666666,23,2
2025-04-17 00:00:00,35787.71666666667,0,3
2025-04-17 01:00:00,33279.316666666666,1,3
2025-04-17 02:00:00,33170.71666666667,2,3
2025-04-17 03:00:00,36070.916666666664,3,3
2025-04-17 04:00:00,31916.516666666666,4,3
2025-04-17 05:00:00,32027.85,5,3
2025-04-17 06:00:00,32474.666666666668,6,3
2025-04-17 07:00:00,36649.1,7,3
2025-04-17 08:00:00,44861.98333333333,8,3
2025-04-17 09:00:00,43678.61666666667,9,3
2025-04-17 10:00:00,43736.166666666664,10,3
2025-04-17 11:00:00,43266.55,11,3
2025-04-17 12:00:00,43370.86666666667,12,3
2025-04-17 13:00:00,42290.48333333333,13,3
2025-04-17 14:00:00,41394.23333333333,14,3
2025-04-17 15:00:00,41715.833333333336,15,3
2025-04-17 16:00:00,42827.75,16,3
2025-04-17 17:00:00,45608.38333333333,17,3
2025-04-17 18:00:00,48512.75,18,3
2025-04-17 19:00:00,49428.15,19,3
2025-04-17 20:00:00,47726.65,20,3
2025-04-17 21:00:00,45512.9,21,3
2025-04-17 22:00:00,43643.76666666667,22,3
2025-04-17 23:00:00,39214.26666666667,23,3
2025-04-18 00:00:00,35985.333333333336,0,4
2025-04-18 01:00:00,33818.35,1,4
2025-04-18 02:00:00,33900.61666666667,2,4
2025-04-18 03:00:00,36796.26666666667,3,4
2025-04-18 04:00:00,32018.05,4,4
2025-04-18 05:00:00,31946.383333333335,5,4
2025-04-18 06:00:00,32634.35,6,4
2025-04-18 07:00:00,37210.4,7,4
2025-04-18 08:00:00,45025.35,8,4
2025-04-18 09:00:00,43279.73333333333,9,4
2025-04-18 10:00:00,42857.25,10,4
2025-04-18 11:00:00,42396.0,11,4
2025-04-18 12:00:00,42855.95,12,4
2025-04-18 13:00:00,41782.7,13,4
2025-04-18 14:00:00,40389.25,14,4
2025-04-18 15:00:00,41094.26666666667,15,4
2025-04-18 16:00:00,42307.28333333333,16,4
2025-04-18 17:00:00,45062.0,17,4
2025-04-18 18:00:00,48530.066666666666,18,4
2025-04-18 19:00:00,49988.61666666667,19,4
2025-04-18 20:00:00,47957.916666666664,20,4
2025-04-18 21:00:00,46552.78333333333,21,4
2025-04-18 22:00:00,43690.15,22,4
2025-04-18 23:00:00,39735.933333333334,23,4
2025-04-19 00:00:00,37914.55,0,5
2025-04-19 01:00:00,9094.966666666667,1,5
2025-04-19 02:00:00,9724.483333333334,2,5
2025-04-19 03:00:00,10877.733333333334,3,5
2025-04-19 04:00:00,11307.616666666667,4,5
2025-04-19 05:00:00,18023.7,5,5
2025-04-19 06:00:00,21816.4,6,5
2025-04-19 07:00:00,27646.533333333333,7,5
2025-04-19 08:00:00,33013.05,8,5
2025-04-19 09:00:00,41270.0,9,5
2025-04-19 10:00:00,49181.03333333333,10,5
2025-04-19 11:00:00,50548.21666666667,11,5
2025-04-19 12:00:00,50326.55,12,5
2025-04-19 13:00:00,48790.2,13,5
2025-04-19 14:00:00,48299.1,14,5
2025-04-19 15:00:00,47805.26666666667,15,5
2025-04-19 16:00:00,49152.76666666667,16,5
2025-04-19 17:00:00,50235.35,17,5
2025-04-19 18:00:00,51392.316666666666,18,5
2025-04-19 19:00:00,51852.03333333333,19,5
2025-04-19 20:00:00,50768.683333333334,20,5
2025-04-19 21:00:00,49734.166666666664,21,5
2025-04-19 22:00:00,46968.916666666664,22,5
2025-04-19 23:00:00,41919.13333333333,23,5
2025-04-20 00:00:00,38432.066666666666,0,6
2025-04-20 01:00:00,35907.7,1,6
2025-04-20 02:00:00,35729.51666666667,2,6
2025-04-20 03:00:00,39006.15,3,6
2025-04-20 04:00:00,34037.85,4,6
2025-04-20 05:00:00,34097.8,5,6
2025-04-20 06:00:00,34653.0,6,6
2025-04-20 07:00:00,39500.76666666667,7,6
2025-04-20 08:00:00,47780.3,8,6
2025-04-20 09:00:00,45376.333333333336,9,6
2025-04-20 10:00:00,44868.86666666667,10,6
2025-04-20 11:00:00,44169.78333333333,11,6
2025-04-20 12:00:00,44777.03333333333,12,6
2025-04-20 13:00:00,43900.01666666667,13,6
2025-04-20 14:00:00,43403.1,14,6
2025-04-20 15:00:00,43678.166666666664,15,6
2025-04-20 16:00:00,43810.85,16,6
2025-04-20 17:00:00,46434.71666666667,17,6
2025-04-20 18:00:00,49768.183333333334,18,6
2025-04-20 19:00:00,52283.916666666664,19,6
2025-04-20 20:00:00,51705.23333333333,20,6
2025-04-20 21:00:00,50015.683333333334,21,6
2025-04-20 22:00:00,46905.333333333336,22,6
2025-04-20 23:00:00,42415.6,23,6
2025-04-21 00:00:00,38618.066666666666,0,0
2025-04-21 01:00:00,35793.76666666667,1,0
2025-04-21 02:00:00,35855.51666666667,2,0
2025-04-21 03:00:00,38653.066666666666,3,0
2025-04-21 04:00:00,33956.683333333334,4,0
2025-04-21 05:00:00,34315.35,5,0
2025-04-21 06:00:00,34798.63333333333,6,0
2025-04-21 07:00:00,39468.1,7,0
2025-04-21 08:00:00,47500.86666666667,8,0
2025-04-21 09:00:00,45506.98333333333,9,0
2025-04-21 10:00:00,45120.51666666667,10,0
2025-04-21 11:00:00,44584.48333333333,11,0
2025-04-21 12:00:00,44515.816666666666,12,0
2025-04-21 13:00:00,44170.25,13,0
2025-04-21 14:00:00,42167.95,14,0
2025-04-21 15:00:00,43900.21666666667,15,0
2025-04-21 16:00:00,44837.3,16,0
2025-04-21 17:00:00,47218.433333333334,17,0
2025-04-21 18:00:00,50867.433333333334,18,0
2025-04-21 19:00:00,53433.7,19,0
2025-04-21 20:00:00,52041.3,20,0
2025-04-21 21:00:00,49913.28333333333,21,0
2025-04-21 22:00:00,47345.583333333336,22,0
2025-04-21 23:00:00,42734.28333333333,23,0
2025-04-22 00:00:00,39952.61666666667,0,1
2025-04-22 01:00:00,36388.46666666667,1,1
2025-04-22 02:00:00,36549.183333333334,2,1
2025-04-22 03:00:00,39710.6,3,1
2025-04-22 04:00:00,34895.78333333333,4,1
2025-04-22 05:00:00,34778.71666666667,5,1
2025-04-22 06:00:00,35525.38333333333,6,1
2025-04-22 07:00:00,40189.083333333336,7,1
2025-04-22 08:00:00,48398.46666666667,8,1
2025-04-22 09:00:00,46373.433333333334,9,1
2025-04-22 10:00:00,45907.21666666667,10,1
2025-04-22 11:00:00,45492.36666666667,11,1
2025-04-22 12:00:00,46693.61666666667,12,1
2025-04-22 13:00:00,45335.583333333336,13,1
2025-04-22 14:00:00,43664.3,14,1
2025-04-22 15:00:00,44886.933333333334,15,1
2025-04-22 16:00:00,45916.583333333336,16,1
2025-04-22 17:00:00,47538.583333333336,17,1
2025-04-22 18:00:00,50694.71666666667,18,1
2025-04-22 19:00:00,52416.4,19,1
2025-04-22 20:00:00,50718.9,20,1
2025-04-22 21:00:00,48965.51666666667,21,1
2025-04-22 22:00:00,46524.433333333334,22,1
2025-04-22 23:00:00,42261.5,23,1
2025-04-23 00:00:00,38579.71666666667,0,2
2025-04-23 01:00:00,35794.85,1,2
2025-04-23 02:00:00,35911.63333333333,2,2
2025-04-23 03:00:00,39132.61666666667,3,2
2025-04-23 04:00:00,34160.75,4,2
2025-04-23 05:00:00,34124.1,5,2
2025-04-23 06:00:00,35076.45,6,2
2025-04-23 07:00:00,39747.566666666666,7,2
2025-04-23 08:00:00,47965.683333333334,8,2
2025-04-23 09:00:00,46153.683333333334,9,2
2025-04-23 10:00:00,46273.53333333333,10,2
2025-04-23 11:00:00,45635.9,11,2
2025-04-23 12:00:00,46007.01666666667,12,2
2025-04-23 13:00:00,44133.86666666667,13,2
2025-04-23 14:00:00,42848.11666666667,14,2
2025-04-23 15:00:00,43646.0,15,2
2025-04-23 16:00:00,45608.26666666667,16,2
2025-04-23 17:00:00,47954.25,17,2
2025-04-23 18:00:00,52642.8,18,2
2025-04-23 19:00:00,54649.78333333333,19,2
2025-04-23 20:00:00,51315.11666666667,20,2
2025-04-23 21:00:00,50165.933333333334,21,2
2025-04-23 22:00:00,47325.36666666667,22,2
2025-04-23 23:00:00,42913.86666666667,23,2
2025-04-24 00:00:00,38876.3,0,3
2025-04-24 01:00:00,8692.9,1,3
2025-04-24 02:00:00,14911.066666666668,2,3
2025-04-24 03:00:00,17574.7,3,3
2025-04-24 04:00:00,16361.283333333333,4,3
2025-04-24 05:00:00,19707.666666666668,5,3
2025-04-24 06:00:00,25175.633333333335,6,3
2025-04-24 07:00:00,30012.916666666668,7,3
2025-04-24 08:00:00,37432.416666666664,8,3
2025-04-24 09:00:00,39046.96666666667,9,3
2025-04-24 10:00:00,43838.333333333336,10,3
2025-04-24 11:00:00,44599.76666666667,11,3
2025-04-24 12:00:00,46485.11666666667,12,3
2025-04-24 13:00:00,46408.61666666667,13,3
2025-04-24 14:00:00,44942.316666666666,14,3
2025-04-24 15:00:00,46042.21666666667,15,3
2025-04-24 16:00:00,46807.71666666667,16,3
2025-04-24 17:00:00,48897.316666666666,17,3
2025-04-24 18:00:00,51481.63333333333,18,3
2025-04-24 19:00:00,53268.566666666666,19,3
2025-04-24 20:00:00,51441.833333333336,20,3
2025-04-24 21:00:00,49759.73333333333,21,3
2025-04-24 22:00:00,47698.416666666664,22,3
2025-04-24 23:00:00,43959.933333333334,23,3
2025-04-25 00:00:00,39761.45,0,4
2025-04-25 01:00:00,37071.98333333333,1,4
2025-04-25 02:00:00,36605.833333333336,2,4
2025-04-25 03:00:00,39305.13333333333,3,4
2025-04-25 04:00:00,34487.75,4,4
2025-04-25 05:00:00,34616.666666666664,5,4
2025-04-25 06:00:00,35498.683333333334,6,4
2025-04-25 07:00:00,37960.6,7,4
2025-04-25 08:00:00,42958.433333333334,8,4
2025-04-25 09:00:00,47341.333333333336,9,4
2025-04-25 10:00:00,50420.46666666667,10,4
2025-04-25 11:00:00,50775.4,11,4
2025-04-25 12:00:00,50774.86666666667,12,4
2025-04-25 13:00:00,49363.8,13,4
2025-04-25 14:00:00,48806.316666666666,14,4
2025-04-25 15:00:00,48851.45,15,4
2025-04-25 16:00:00,49298.7,16,4
2025-04-25 17:00:00,51377.083333333336,17,4
2025-04-25 18:00:00,53305.816666666666,18,4
2025-04-25 19:00:00,53561.183333333334,19,4
2025-04-25 20:00:00,51708.3,20,4
2025-04-25 21:00:00,50669.98333333333,21,4
2025-04-25 22:00:00,48925.666666666664,22,4
2025-04-25 23:00:00,45711.916666666664,23,4
2025-04-26 00:00:00,41545.566666666666,0,5
2025-04-26 01:00:00,38009.916666666664,1,5
2025-04-26 02:00:00,37893.36666666667,2,5
2025-04-26 03:00:00,40547.65,3,5
2025-04-26 04:00:00,35398.166666666664,4,5
2025-04-26 05:00:00,35525.7,5,5
2025-04-26 06:00:00,35972.066666666666,6,5
2025-04-26 07:00:00,37985.8,7,5
2025-04-26 08:00:00,42112.5,8,5
2025-04-26 09:00:00,47249.183333333334,9,5
2025-04-26 10:00:00,51279.3,10,5
2025-04-26 11:00:00,51899.78333333333,11,5
2025-04-26 12:00:00,50986.63333333333,12,5
2025-04-26 13:00:00,49502.45,13,5
2025-04-26 14:00:00,48757.55,14,5
2025-04-26 15:00:00,49494.48333333333,15,5
2025-04-26 16:00:00,49979.26666666667,16,5
2025-04-26 17:00:00,51445.26666666667,17,5
2025-04-26 18:00:00,53265.05,18,5
2025-04-26 19:00:00,53454.61666666667,19,5
2025-04-26 20:00:00,52911.15,20,5
2025-04-26 21:00:00,51773.583333333336,21,5
2025-04-26 22:00:00,49160.73333333333,22,5
2025-04-26 23:00:00,44876.2,23,5
2025-04-27 00:00:00,40660.65,0,6
2025-04-27 01:00:00,37763.5,1,6
2025-04-27 02:00:00,37901.416666666664,2,6
2025-04-27 03:00:00,41267.03333333333,3,6
2025-04-27 04:00:00,36325.8,4,6
2025-04-27 05:00:00,36497.816666666666,5,6
2025-04-27 06:00:00,37259.583333333336,6,6
2025-04-27 07:00:00,42389.5,7,6
2025-04-27 08:00:00,50233.35,8,6
2025-04-27 09:00:00,47748.55,9,6
2025-04-27 10:00:00,47592.38333333333,10,6
2025-04-27 11:00:00,46310.71666666667,11,6
2025-04-27 12:00:00,47152.51666666667,12,6
2025-04-27 13:00:00,46127.2,13,6
2025-04-27 14:00:00,44192.416666666664,14,6
2025-04-27 15:00:00,45591.23333333333,15,6
2025-04-27 16:00:00,46377.0,16,6
2025-04-27 17:00:00,49314.76666666667,17,6
2025-04-27 18:00:00,52981.38333333333,18,6
2025-04-27 19:00:00,55755.9,19,6
2025-04-27 20:00:00,54496.583333333336,20,6
2025-04-27 21:00:00,52180.3,21,6
2025-04-27 22:00:00,48931.583333333336,22,6
2025-04-27 23:00:00,44711.183333333334,23,6
2025-04-28 00:00:00,41370.61666666667,0,0
2025-04-28 01:00:00,37154.933333333334,1,0
2025-04-28 02:00:00,37706.38333333333,2,0
2025-04-28 03:00:00,40120.86666666667,3,0
2025-04-28 04:00:00,35151.11666666667,4,0
2025-04-28 05:00:00,35631.13333333333,5,0
2025-04-28 06:00:00,36238.333333333336,6,0
2025-04-28 07:00:00,41116.95,7,0
2025-04-28 08:00:00,49641.2,8,0
2025-04-28 09:00:00,47879.166666666664,9,0
2025-04-28 10:00:00,47752.05,10,0
2025-04-28 11:00:00,46286.05,11,0
2025-04-28 12:00:00,46414.95,12,0
2025-04-28 13:00:00,45901.166666666664,13,0
2025-04-28 14:00:00,44279.51666666667,14,0
2025-04-28 15:00:00,44574.6,15,0
2025-04-28 16:00:00,45589.9,16,0
2025-04-28 17:00:00,48660.35,17,0
2025-04-28 18:00:00,52358.98333333333,18,0
2025-04-28 19:00:00,54746.36666666667,19,0
2025-04-28 20:00:00,53021.666666666664,20,0
2025-04-28 21:00:00,51888.916666666664,21,0
2025-04-28 22:00:00,49356.28333333333,22,0
2025-04-28 23:00:00,44880.25,23,0
2025-04-29 00:00:00,40933.6,0,1
2025-04-29 01:00:00,37987.51666666667,1,1
2025-04-29 02:00:00,37963.15,2,1
2025-04-29 03:00:00,40724.98333333333,3,1
2025-04-29 04:00:00,35781.7,4,1
2025-04-29 05:00:00,35946.2,5,1
2025-04-29 06:00:00,36518.816666666666,6,1
2025-04-29 07:00:00,41745.98333333333,7,1
2025-04-29 08:00:00,50650.583333333336,8,1
2025-04-29 09:00:00,48368.416666666664,9,1
2025-04-29 10:00:00,48120.38333333333,10,1
2025-04-29 11:00:00,47884.1,11,1
2025-04-29 12:00:00,48081.85,12,1
2025-04-29 13:00:00,47054.35,13,1
2025-04-29 14:00:00,44801.833333333336,14,1
2025-04-29 15:00:00,44924.7,15,1
2025-04-29 16:00:00,45629.85,16,1
2025-04-29 17:00:00,48932.15,17,1
2025-04-29 18:00:00,51743.166666666664,18,1
2025-04-29 19:00:00,54309.46666666667,19,1
2025-04-29 20:00:00,52751.28333333333,20,1
2025-04-29 21:00:00,51854.36666666667,21,1
2025-04-29 22:00:00,49450.166666666664,22,1
2025-04-29 23:00:00,45551.35,23,1
2025-04-30 00:00:00,43460.55,0,2
2025-04-30 01:00:00,40182.01666666667,1,2
2025-04-30 02:00:00,39732.13333333333,2,2
2025-04-30 03:00:00,42660.75,3,2
2025-04-30 04:00:00,37461.6,4,2
2025-04-30 05:00:00,37843.15,5,2
2025-04-30 06:00:00,38395.4,6,2
2025-04-30 07:00:00,40401.88333333333,7,2
2025-04-30 08:00:00,45019.916666666664,8,2
2025-04-30 09:00:00,49506.683333333334,9,2
2025-04-30 10:00:00,54365.15,10,2
2025-04-30 11:00:00,54870.55,11,2
2025-04-30 12:00:00,54385.01666666667,12,2
2025-04-30 13:00:00,52482.71666666667,13,2
2025-04-30 14:00:00,51975.0,14,2
2025-04-30 15:00:00,52534.48333333333,15,2
2025-04-30 16:00:00,53670.25,16,2
2025-04-30 17:00:00,54842.85,17,2
2025-04-30 18:00:00,57394.88333333333,18,2
2025-04-30 19:00:00,57541.05,19,2
2025-04-30 20:00:00,55505.1,20,2
2025-04-30 21:00:00,53653.63333333333,21,2
2025-04-30 22:00:00,51026.666666666664,22,2
2025-04-30 23:00:00,46558.01666666667,23,2
2025-05-01 00:00:00,42125.916666666664,0,3
2025-05-01 01:00:00,39376.066666666666,1,3
2025-05-01 02:00:00,39732.083333333336,2,3
2025-05-01 03:00:00,43125.51666666667,3,3
2025-05-01 04:00:00,37794.0,4,3
2025-05-01 05:00:00,38024.36666666667,5,3
2025-05-01 06:00:00,38378.3,6,3
2025-05-01 07:00:00,43577.15,7,3
2025-05-01 08:00:00,52351.63333333333,8,3
2025-05-01 09:00:00,49829.45,9,3
2025-05-01 10:00:00,49831.683333333334,10,3
2025-05-01 11:00:00,48164.6,11,3
2025-05-01 12:00:00,48615.45,12,3
2025-05-01 13:00:00,48709.01666666667,13,3
2025-05-01 14:00:00,46708.73333333333,14,3
2025-05-01 15:00:00,47969.21666666667,15,3
2025-05-01 16:00:00,48642.55,16,3
2025-05-01 17:00:00,50670.066666666666,17,3
2025-05-01 18:00:00,54736.11666666667,18,3
2025-05-01 19:00:00,56698.7,19,3
2025-05-01 20:00:00,55474.916666666664,20,3
2025-05-01 21:00:00,54298.666666666664,21,3
2025-05-01 22:00:00,51501.23333333333,22,3
2025-05-01 23:00:00,47348.38333333333,23,3
2025-05-02 00:00:00,44671.53333333333,0,4
2025-05-02 01:00:00,39730.26666666667,1,4
2025-05-02 02:00:00,39479.9,2,4
2025-05-02 03:00:00,42762.13333333333,3,4
2025-05-02 04:00:00,37493.76666666667,4,4
2025-05-02 05:00:00,37783.46666666667,5,4
2025-05-02 06:00:00,38339.5,6,4
2025-05-02 07:00:00,42854.816666666666,7,4
2025-05-02 08:00:00,51603.3,8,4
2025-05-02 09:00:00,49855.066666666666,9,4
2025-05-02 10:00:00,49210.583333333336,10,4
2025-05-02 11:00:00,47266.51666666667,11,4
2025-05-02 12:00:00,48652.26666666667,12,4
2025-05-02 13:00:00,48093.03333333333,13,4
2025-05-02 14:00:00,46242.316666666666,14,4
2025-05-02 15:00:00,47162.96666666667,15,4
2025-05-02 16:00:00,48122.61666666667,16,4
2025-05-02 17:00:00,50208.03333333333,17,4
2025-05-02 18:00:00,54152.78333333333,18,4
2025-05-02 19:00:00,56511.28333333333,19,4
2025-05-02 20:00:00,55914.86666666667,20,4
2025-05-02 21:00:00,54874.916666666664,21,4
2025-05-02 22:00:00,51748.4,22,4
2025-05-02 23:00:00,46880.816666666666,23,4
2025-05-03 00:00:00,43175.86666666667,0,5
2025-05-03 01:00:00,40241.46666666667,1,5
2025-05-03 02:00:00,40166.333333333336,2,5
2025-05-03 03:00:00,43013.5,3,5
2025-05-03 04:00:00,38175.5,4,5
2025-05-03 05:00:00,38261.03333333333,5,5
2025-05-03 06:00:00,39159.05,6,5
2025-05-03 07:00:00,43876.26666666667,7,5
2025-05-03 08:00:00,52294.183333333334,8,5
2025-05-03 09:00:00,50500.95,9,5
2025-05-03 10:00:00,49930.083333333336,10,5
2025-05-03 11:00:00,49454.61666666667,11,5
2025-05-03 12:00:00,49151.23333333333,12,5
2025-05-03 13:00:00,48686.28333333333,13,5
2025-05-03 14:00:00,47395.316666666666,14,5
2025-05-03 15:00:00,47840.95,15,5
2025-05-03 16:00:00,48778.3,16,5
2025-05-03 17:00:00,51044.75,17,5
2025-05-03 18:00:00,54181.13333333333,18,5
2025-05-03 19:00:00,56691.51666666667,19,5
2025-05-03 20:00:00,54992.01666666667,20,5
2025-05-03 21:00:00,53854.1,21,5
2025-05-03 22:00:00,51377.88333333333,22,5
2025-05-03 23:00:00,46890.683333333334,23,5
2025-05-04 00:00:00,42754.95,0,6
2025-05-04 01:00:00,40263.0,1,6
2025-05-04 02:00:00,40189.0,2,6
2025-05-04 03:00:00,43578.933333333334,3,6
2025-05-04 04:00:00,38395.01666666667,4,6
2025-05-04 05:00:00,38424.05,5,6
2025-05-04 06:00:00,38829.88333333333,6,6
2025-05-04 07:00:00,43561.816666666666,7,6
2025-05-04 08:00:00,51952.01666666667,8,6
2025-05-04 09:00:00,49908.51666666667,9,6
2025-05-04 10:00:00,49335.26666666667,10,6
2025-05-04 11:00:00,48901.11666666667,11,6
2025-05-04 12:00:00,49918.23333333333,12,6
2025-05-04 13:00:00,49229.48333333333,13,6
2025-05-04 14:00:00,48371.63333333333,14,6
2025-05-04 15:00:00,48943.48333333333,15,6
2025-05-04 16:00:00,49736.15,16,6
2025-05-04 17:00:00,52622.5,17,6
2025-05-04 18:00:00,55905.53333333333,18,6
2025-05-04 19:00:00,57661.75,19,6
2025-05-04 20:00:00,56227.85,20,6
2025-05-04 21:00:00,53977.3,21,6
2025-05-04 22:00:00,51588.05,22,6
2025-05-04 23:00:00,47188.11666666667,23,6
2025-05-05 00:00:00,43093.15,0,0
2025-05-05 01:00:00,4583.266666666666,1,0
2025-05-05 02:00:00,5055.05,2,0
2025-05-05 03:00:00,5874.0,3,0
2025-05-05 04:00:00,8951.416666666666,4,0
2025-05-05 05:00:00,9894.25,5,0
2025-05-05 06:00:00,11500.533333333333,6,0
2025-05-05 07:00:00,17479.616666666665,7,0
2025-05-05 08:00:00,22990.05,8,0
2025-05-05 09:00:00,27141.633333333335,9,0
2025-05-05 10:00:00,31859.266666666666,10,0
2025-05-05 11:00:00,34086.066666666666,11,0
2025-05-05 12:00:00,36696.15,12,0
2025-05-05 13:00:00,45994.46666666667,13,0
2025-05-05 14:00:00,49381.5,14,0
2025-05-05 15:00:00,50823.73333333333,15,0
2025-05-05 16:00:00,51730.7,16,0
2025-05-05 17:00:00,54379.816666666666,17,0
2025-05-05 18:00:00,56804.066666666666,18,0
2025-05-05 19:00:00,58509.63333333333,19,0
2025-05-05 20:00:00,55630.86666666667,20,0
2025-05-05 21:00:00,54552.166666666664,21,0
2025-05-05 22:00:00,52693.85,22,0
2025-05-05 23:00:00,49055.23333333333,23,0
2025-05-06 00:00:00,44605.2,0,1
2025-05-06 01:00:00,41614.65,1,1
2025-05-06 02:00:00,41436.15,2,1
2025-05-06 03:00:00,44435.21666666667,3,1
2025-05-06 04:00:00,39235.53333333333,4,1
2025-05-06 05:00:00,39201.25,5,1
2025-05-06 06:00:00,40122.01666666667,6,1
2025-05-06 07:00:00,42601.61666666667,7,1
2025-05-06 08:00:00,47758.15,8,1
2025-05-06 09:00:00,53572.05,9,1
2025-05-06 10:00:00,57400.88333333333,10,1
2025-05-06 11:00:00,57396.166666666664,11,1
2025-05-06 12:00:00,56199.51666666667,12,1
2025-05-06 13:00:00,55100.23333333333,13,1
2025-05-06 14:00:00,54074.2,14,1
2025-05-06 15:00:00,54485.083333333336,15,1
2025-05-06 16:00:00,55057.28333333333,16,1
2025-05-06 17:00:00,57356.78333333333,17,1
2025-05-06 18:00:00,58868.9,18,1
2025-05-06 19:00:00,59326.13333333333,19,1
2025-05-06 20:00:00,56735.166666666664,20,1
2025-05-06 21:00:00,55748.11666666667,21,1
2025-05-06 22:00:00,53838.13333333333,22,1
2025-05-06 23:00:00,50100.75,23,1
2025-05-07 00:00:00,45383.76666666667,0,2
2025-05-07 01:00:00,42395.7,1,2
2025-05-07 02:00:00,42374.86666666667,2,2
2025-05-07 03:00:00,45454.1,3,2
2025-05-07 04:00:00,39818.13333333333,4,2
2025-05-07 05:00:00,40009.01666666667,5,2
2025-05-07 06:00:00,39804.05,6,2
2025-05-07 07:00:00,41631.55,7,2
2025-05-07 08:00:00,46003.05,8,2
2025-05-07 09:00:00,51929.51666666667,9,2
2025-05-07 10:00:00,57235.53333333333,10,2
2025-05-07 11:00:00,57867.73333333333,11,2
2025-05-07 12:00:00,57451.433333333334,12,2
2025-05-07 13:00:00,55916.65,13,2
2025-05-07 14:00:00,54380.25,14,2
2025-05-07 15:00:00,54364.083333333336,15,2
2025-05-07 16:00:00,55586.03333333333,16,2
2025-05-07 17:00:00,57117.26666666667,17,2
2025-05-07 18:00:00,58573.9,18,2
2025-05-07 19:00:00,59008.683333333334,19,2
2025-05-07 20:00:00,57571.6,20,2
2025-05-07 21:00:00,55821.23333333333,21,2
2025-05-07 22:00:00,53476.63333333333,22,2
2025-05-07 23:00:00,48325.13333333333,23,2
2025-05-08 00:00:00,44178.833333333336,0,3
2025-05-08 01:00:00,41379.933333333334,1,3
2025-05-08 02:00:00,41400.15,2,3
2025-05-08 03:00:00,44356.63333333333,3,3
2025-05-08 04:00:00,38808.683333333334,4,3
2025-05-08 05:00:00,38903.8,5,3
2025-05-08 06:00:00,39879.96666666667,6,3
2025-05-08 07:00:00,45507.333333333336,7,3
2025-05-08 08:00:00,54010.15,8,3
2025-05-08 09:00:00,51251.666666666664,9,3
2025-05-08 10:00:00,50995.416666666664,10,3
2025-05-08 11:00:00,50193.71666666667,11,3
2025-05-08 12:00:00,50334.53333333333,12,3
2025-05-08 13:00:00,50813.53333333333,13,3
2025-05-08 14:00:00,49337.683333333334,14,3
2025-05-08 15:00:00,50342.85,15,3
2025-05-08 16:00:00,50215.45,16,3
2025-05-08 17:00:00,52846.916666666664,17,3
2025-05-08 18:00:00,56258.25,18,3
2025-05-08 19:00:00,58380.8,19,3
2025-05-08 20:00:00,57678.85,20,3
2025-05-08 21:00:00,56729.61666666667,21,3
2025-05-08 22:00:00,53626.7,22,3
2025-05-08 23:00:00,48434.95,23,3
2025-05-09 00:00:00,43905.45,0,4
2025-05-09 01:00:00,41481.916666666664,1,4
2025-05-09 02:00:00,41556.25,2,4
2025-05-09 03:00:00,44955.183333333334,3,4
2025-05-09 04:00:00,39427.95,4,4
2025-05-09 05:00:00,39903.316666666666,5,4
2025-05-09 06:00:00,40507.01666666667,6,4
2025-05-09 07:00:00,45778.88333333333,7,4
2025-05-09 08:00:00,53709.833333333336,8,4
2025-05-09 09:00:00,52071.03333333333,9,4
2025-05-09 10:00:00,50636.26666666667,10,4
2025-05-09 11:00:00,49433.75,11,4
2025-05-09 12:00:00,50680.5,12,4
2025-05-09 13:00:00,50246.76666666667,13,4
2025-05-09 14:00:00,48797.3,14,4
2025-05-09 15:00:00,49843.833333333336,15,4
2025-05-09 16:00:00,50197.05,16,4
2025-05-09 17:00:00,53283.38333333333,17,4
2025-05-09 18:00:00,56821.066666666666,18,4
2025-05-09 19:00:00,58949.15,19,4
2025-05-09 20:00:00,56726.9,20,4
2025-05-09 21:00:00,55125.03333333333,21,4
2025-05-09 22:00:00,52491.316666666666,22,4
2025-05-09 23:00:00,47636.916666666664,23,4
2025-05-10 00:00:00,43430.21666666667,0,5
2025-05-10 01:00:00,40870.15,1,5
2025-05-10 02:00:00,40885.48333333333,2,5
2025-05-10 03:00:00,44876.7,3,5
2025-05-10 04:00:00,39198.833333333336,4,5
2025-05-10 05:00:00,39204.25,5,5
2025-05-10 06:00:00,39728.2,6,5
2025-05-10 07:00:00,45008.61666666667,7,5
2025-05-10 08:00:00,53192.55,8,5
2025-05-10 09:00:00,50805.23333333333,9,5
2025-05-10 10:00:00,50386.96666666667,10,5
2025-05-10 11:00:00,50472.5,11,5
2025-05-10 12:00:00,50955.23333333333,12,5
2025-05-10 13:00:00,50327.65,13,5
2025-05-10 14:00:00,49004.833333333336,14,5
2025-05-10 15:00:00,50464.96666666667,15,5
2025-05-10 16:00:00,50992.666666666664,16,5
2025-05-10 17:00:00,53169.85,17,5
2025-05-10 18:00:00,60274.816666666666,18,5
2025-05-10 19:00:00,59124.85,19,5
2025-05-10 20:00:00,57667.583333333336,20,5
2025-05-10 21:00:00,55678.433333333334,21,5
2025-05-10 22:00:00,52617.416666666664,22,5
2025-05-10 23:00:00,48024.73333333333,23,5
2025-05-11 00:00:00,44486.15,0,6
2025-05-11 01:00:00,41494.3,1,6
2025-05-11 02:00:00,41171.683333333334,2,6
2025-05-11 03:00:00,44112.583333333336,3,6
2025-05-11 04:00:00,38630.15,4,6
2025-05-11 05:00:00,38860.7,5,6
2025-05-11 06:00:00,39648.6,6,6
2025-05-11 07:00:00,42304.75,7,6
2025-05-11 08:00:00,47216.066666666666,8,6
2025-05-11 09:00:00,51735.38333333333,9,6
2025-05-11 10:00:00,55383.96666666667,10,6
2025-05-11 11:00:00,55771.666666666664,11,6
2025-05-11 12:00:00,55157.25,12,6
2025-05-11 13:00:00,54192.01666666667,13,6
2025-05-11 14:00:00,53460.21666666667,14,6
2025-05-11 15:00:00,53769.28333333333,15,6
2025-05-11 16:00:00,55179.0,16,6
2025-05-11 17:00:00,57011.48333333333,17,6
2025-05-11 18:00:00,58840.78333333333,18,6
2025-05-11 19:00:00,59180.51666666667,19,6
2025-05-11 20:00:00,57777.95,20,6
2025-05-11 21:00:00,56290.666666666664,21,6
2025-05-11 22:00:00,54320.98333333333,22,6
2025-05-11 23:00:00,50168.066666666666,23,6
2025-05-12 00:00:00,46348.11666666667,0,0
2025-05-12 01:00:00,43221.01666666667,1,0
2025-05-12 02:00:00,42895.333333333336,2,0
2025-05-12 03:00:00,46189.85,3,0
2025-05-12 04:00:00,40719.15,4,0
2025-05-12 05:00:00,41576.26666666667,5,0
2025-05-12 06:00:00,42296.45,6,0
2025-05-12 07:00:00,43189.01666666667,7,0
2025-05-12 08:00:00,47356.066666666666,8,0
2025-05-12 09:00:00,52548.65,9,0
2025-05-12 10:00:00,56941.683333333334,10,0
2025-05-12 11:00:00,57602.48333333333,11,0
2025-05-12 12:00:00,57042.25,12,0
2025-05-12 13:00:00,55536.95,13,0
2025-05-12 14:00:00,54026.416666666664,14,0
2025-05-12 15:00:00,54419.333333333336,15,0
2025-05-12 16:00:00,55802.73333333333,16,0
2025-05-12 17:00:00,57776.03333333333,17,0
2025-05-12 18:00:00,59071.6,18,0
2025-05-12 19:00:00,58776.88333333333,19,0
2025-05-12 20:00:00,57639.86666666667,20,0
2025-05-12 21:00:00,56904.98333333333,21,0
2025-05-12 22:00:00,54183.8,22,0
2025-05-12 23:00:00,48830.03333333333,23,0
2025-05-13 00:00:00,43966.35,0,1
2025-05-13 01:00:00,41414.71666666667,1,1
2025-05-13 02:00:00,41153.083333333336,2,1
2025-05-13 03:00:00,44943.5,3,1
2025-05-13 04:00:00,39537.86666666667,4,1
2025-05-13 05:00:00,39464.1,5,1
2025-05-13 06:00:00,39965.916666666664,6,1
2025-05-13 07:00:00,45547.65,7,1
2025-05-13 08:00:00,54318.816666666666,8,1
2025-05-13 09:00:00,51874.78333333333,9,1
2025-05-13 10:00:00,51452.5,10,1
2025-05-13 11:00:00,50562.28333333333,11,1
2025-05-13 12:00:00,51019.15,12,1
2025-05-13 13:00:00,50739.78333333333,13,1
2025-05-13 14:00:00,48687.65,14,1
2025-05-13 15:00:00,49355.7,15,1
2025-05-13 16:00:00,50136.21666666667,16,1
2025-05-13 17:00:00,52948.183333333334,17,1
2025-05-13 18:00:00,56187.73333333333,18,1
2025-05-13 19:00:00,58808.683333333334,19,1
2025-05-13 20:00:00,57792.3,20,1
2025-05-13 21:00:00,56009.083333333336,21,1
2025-05-13 22:00:00,53139.583333333336,22,1
2025-05-13 23:00:00,48058.46666666667,23,1
2025-05-14 00:00:00,43782.73333333333,0,2
2025-05-14 01:00:00,41137.96666666667,1,2
2025-05-14 02:00:00,41069.05,2,2
2025-05-14 03:00:00,45328.2,3,2
2025-05-14 04:00:00,40073.51666666667,4,2
2025-05-14 05:00:00,39044.55,5,2
2025-05-14 06:00:00,40112.166666666664,6,2
2025-05-14 07:00:00,44838.03333333333,7,2
2025-05-14 08:00:00,54049.28333333333,8,2
2025-05-14 09:00:00,51725.21666666667,9,2
2025-05-14 10:00:00,51736.916666666664,10,2
2025-05-14 11:00:00,50787.6,11,2
2025-05-14 12:00:00,51210.583333333336,12,2
2025-05-14 13:00:00,50338.63333333333,13,2
2025-05-14 14:00:00,48332.5,14,2
2025-05-14 15:00:00,49717.38333333333,15,2
2025-05-14 16:00:00,50523.583333333336,16,2
2025-05-14 17:00:00,53065.933333333334,17,2
2025-05-14 18:00:00,56593.8,18,2
2025-05-14 19:00:00,58863.51666666667,19,2
2025-05-14 20:00:00,57652.75,20,2
2025-05-14 21:00:00,56649.933333333334,21,2
2025-05-14 22:00:00,54555.416666666664,22,2
2025-05-14 23:00:00,48996.666666666664,23,2
2025-05-15 00:00:00,44760.96666666667,0,3
2025-05-15 01:00:00,42032.566666666666,1,3
2025-05-15 02:00:00,41850.28333333333,2,3
2025-05-15 03:00:00,45279.583333333336,3,3
2025-05-15 04:00:00,39914.11666666667,4,3
2025-05-15 05:00:00,39720.833333333336,5,3
2025-05-15 06:00:00,40798.05,6,3
2025-05-15 07:00:00,45545.6,7,3
2025-05-15 08:00:00,54622.166666666664,8,3
2025-05-15 09:00:00,52844.583333333336,9,3
2025-05-15 10:00:00,52931.21666666667,10,3
2025-05-15 11:00:00,51644.916666666664,11,3
2025-05-15 12:00:00,51833.78333333333,12,3
2025-05-15 13:00:00,51712.75,13,3
2025-05-15 14:00:00,50331.28333333333,14,3
2025-05-15 15:00:00,51247.53333333333,15,3
2025-05-15 16:00:00,51941.316666666666,16,3
2025-05-15 17:00:00,54044.11666666667,17,3
2025-05-15 18:00:00,57654.73333333333,18,3
2025-05-15 19:00:00,59951.2,19,3
2025-05-15 20:00:00,57762.85,20,3
2025-05-15 21:00:00,56544.73333333333,21,3
2025-05-15 22:00:00,53931.316666666666,22,3
2025-05-15 23:00:00,49201.9,23,3
2025-05-16 00:00:00,44371.933333333334,0,4
2025-05-16 01:00:00,41371.26666666667,1,4
2025-05-16 02:00:00,41643.566666666666,2,4
2025-05-16 03:00:00,45490.38333333333,3,4
2025-05-16 04:00:00,40017.25,4,4
2025-05-16 05:00:00,39793.51666666667,5,4
2025-05-16 06:00:00,40728.066666666666,6,4
2025-05-16 07:00:00,45684.183333333334,7,4
2025-05-16 08:00:00,54062.76666666667,8,4
2025-05-16 09:00:00,52609.88333333333,9,4
2025-05-16 10:00:00,52175.333333333336,10,4
2025-05-16 11:00:00,53256.71666666667,11,4
2025-05-16 12:00:00,53676.683333333334,12,4
2025-05-16 13:00:00,52254.933333333334,13,4
2025-05-16 14:00:00,50587.61666666667,14,4
2025-05-16 15:00:00,51999.666666666664,15,4
2025-05-16 16:00:00,53548.75,16,4
2025-05-16 17:00:00,61723.95,17,4
2025-05-16 18:00:00,60706.63333333333,18,4
2025-05-16 19:00:00,63197.666666666664,19,4
2025-05-16 20:00:00,62406.75,20,4
2025-05-16 21:00:00,60223.96666666667,21,4
2025-05-16 22:00:00,57066.0,22,4
2025-05-16 23:00:00,52133.3,23,4
2025-05-17 00:00:00,47350.23333333333,0,5
2025-05-17 01:00:00,16416.35,1,5
2025-05-17 02:00:00,20497.466666666667,2,5
2025-05-17 03:00:00,23754.35,3,5
2025-05-17 04:00:00,21138.416666666668,4,5
2025-05-17 05:00:00,23479.833333333332,5,5
2025-05-17 06:00:00,25564.583333333332,6,5
2025-05-17 07:00:00,31035.183333333334,7,5
2025-05-17 08:00:00,41070.316666666666,8,5
2025-05-17 09:00:00,46791.53333333333,9,5
2025-05-17 10:00:00,52572.78333333333,10,5
2025-05-17 11:00:00,53531.916666666664,11,5
2025-05-17 12:00:00,53970.11666666667,12,5
2025-05-17 13:00:00,53458.95,13,5
2025-05-17 14:00:00,51756.816666666666,14,5
2025-05-17 15:00:00,52817.7,15,5
2025-05-17 16:00:00,53896.933333333334,16,5
2025-05-17 17:00:00,56478.6,17,5
2025-05-17 18:00:00,59483.21666666667,18,5
2025-05-17 19:00:00,61948.3,19,5
2025-05-17 20:00:00,60496.53333333333,20,5
2025-05-17 21:00:00,59112.38333333333,21,5
2025-05-17 22:00:00,57325.35,22,5
2025-05-17 23:00:00,52973.11666666667,23,5
2025-05-18 00:00:00,48520.38333333333,0,6
2025-05-18 01:00:00,45112.61666666667,1,6
2025-05-18 02:00:00,44945.083333333336,2,6
2025-05-18 03:00:00,48460.03333333333,3,6
2025-05-18 04:00:00,42359.55,4,6
2025-05-18 05:00:00,42259.75,5,6
2025-05-18 06:00:00,43259.28333333333,6,6
2025-05-18 07:00:00,46223.4,7,6
2025-05-18 08:00:00,51083.816666666666,8,6
2025-05-18 09:00:00,55822.05,9,6
2025-05-18 10:00:00,60258.8,10,6
2025-05-18 11:00:00,60375.63333333333,11,6
2025-05-18 12:00:00,60492.05,12,6
2025-05-18 13:00:00,59109.666666666664,13,6
2025-05-18 14:00:00,57863.78333333333,14,6
2025-05-18 15:00:00,58004.25,15,6
2025-05-18 16:00:00,58543.833333333336,16,6
2025-05-18 17:00:00,60890.71666666667,17,6
2025-05-18 18:00:00,63266.9,18,6
2025-05-18 19:00:00,63188.25,19,6
2025-05-18 20:00:00,61372.0,20,6
2025-05-18 21:00:00,60218.083333333336,21,6
2025-05-18 22:00:00,58201.95,22,6
2025-05-18 23:00:00,54385.433333333334,23,6
2025-05-19 00:00:00,49298.2,0,0
2025-05-19 01:00:00,45567.63333333333,1,0
2025-05-19 02:00:00,45141.21666666667,2,0
2025-05-19 03:00:00,48726.71666666667,3,0
2025-05-19 04:00:00,43004.816666666666,4,0
2025-05-19 05:00:00,43037.25,5,0
2025-05-19 06:00:00,43496.46666666667,6,0
2025-05-19 07:00:00,45848.8,7,0
2025-05-19 08:00:00,50924.88333333333,8,0
2025-05-19 09:00:00,56095.36666666667,9,0
2025-05-19 10:00:00,60589.73333333333,10,0
2025-05-19 11:00:00,61814.15,11,0
2025-05-19 12:00:00,61063.816666666666,12,0
2025-05-19 13:00:00,59227.63333333333,13,0
2025-05-19 14:00:00,57904.3,14,0
2025-05-19 15:00:00,58099.25,15,0
2025-05-19 16:00:00,58424.933333333334,16,0
2025-05-19 17:00:00,60544.01666666667,17,0
2025-05-19 18:00:00,61740.0,18,0
2025-05-19 19:00:00,62550.75,19,0
2025-05-19 20:00:00,61669.21666666667,20,0
2025-05-19 21:00:00,59668.4,21,0
2025-05-19 22:00:00,57288.76666666667,22,0
2025-05-19 23:00:00,51606.78333333333,23,0
2025-05-20 00:00:00,47041.76666666667,0,1
2025-05-20 01:00:00,43525.166666666664,1,1
2025-05-20 02:00:00,43606.51666666667,2,1
2025-05-20 03:00:00,47539.416666666664,3,1
2025-05-20 04:00:00,41652.26666666667,4,1
2025-05-20 05:00:00,41572.86666666667,5,1
2025-05-20 06:00:00,42638.933333333334,6,1
2025-05-20 07:00:00,48384.01666666667,7,1
2025-05-20 08:00:00,57941.083333333336,8,1
2025-05-20 09:00:00,55840.25,9,1
2025-05-20 10:00:00,55618.833333333336,10,1
2025-05-20 11:00:00,54700.65,11,1
2025-05-20 12:00:00,54963.21666666667,12,1
2025-05-20 13:00:00,54321.9,13,1
2025-05-20 14:00:00,52237.566666666666,14,1
2025-05-20 15:00:00,53243.05,15,1
2025-05-20 16:00:00,53626.166666666664,16,1
2025-05-20 17:00:00,56181.85,17,1
2025-05-20 18:00:00,59532.73333333333,18,1
2025-05-20 19:00:00,62453.816666666666,19,1
2025-05-20 20:00:00,61518.816666666666,20,1
2025-05-20 21:00:00,59835.23333333333,21,1
2025-05-20 22:00:00,57034.583333333336,22,1
2025-05-20 23:00:00,51924.583333333336,23,1
2025-05-21 00:00:00,47447.73333333333,0,2
2025-05-21 01:00:00,44459.28333333333,1,2
2025-05-21 02:00:00,44491.3,2,2
2025-05-21 03:00:00,48057.666666666664,3,2
2025-05-21 04:00:00,42454.05,4,2
2025-05-21 05:00:00,42992.3,5,2
2025-05-21 06:00:00,44031.96666666667,6,2
2025-05-21 07:00:00,48969.25,7,2
2025-05-21 08:00:00,57967.166666666664,8,2
2025-05-21 09:00:00,56335.11666666667,9,2
2025-05-21 10:00:00,55749.23333333333,10,2
2025-05-21 11:00:00,54773.03333333333,11,2
2025-05-21 12:00:00,55892.96666666667,12,2
2025-05-21 13:00:00,55052.416666666664,13,2
2025-05-21 14:00:00,53258.76666666667,14,2
2025-05-21 15:00:00,53855.9,15,2
2025-05-21 16:00:00,54197.933333333334,16,2
2025-05-21 17:00:00,56038.833333333336,17,2
2025-05-21 18:00:00,59704.166666666664,18,2
2025-05-21 19:00:00,61757.73333333333,19,2
2025-05-21 20:00:00,60572.71666666667,20,2
2025-05-21 21:00:00,59150.333333333336,21,2
2025-05-21 22:00:00,56057.5,22,2
2025-05-21 23:00:00,51782.583333333336,23,2
